PGA (g),With LRB PoE(IO),Without LRB PoE(IO),With LRB PoE(LS),Without LRB PoE(LS),With LRB PoE(CP),Without LRB PoE(CP)
0,7.15E-29,6.96E-85,8.56E-34,2.61E-54,6.84E-33,3.28E-45
0.002002002002,2.43E-05,6.41E-15,2.81E-07,1.04E-11,4.06E-08,1.99E-10
0.004004004004,0.0003109209338,1.64E-11,6.48E-06,1.82E-09,9.23E-07,1.49E-08
0.006006006006,0.001155038144,9.55E-10,3.38E-05,2.79E-08,4.90E-06,1.48E-07
0.008008008008,0.002707164015,1.35E-08,0.0001006910108,1.70E-07,1.49E-05,6.79E-07
0.01001001001,0.005011152701,9.26E-08,0.0002239255902,6.42E-07,3.40E-05,2.09E-06
0.01201201201,0.008051883582,4.09E-07,0.0004175088687,1.81E-06,6.49E-05,5.06E-06
0.01401401401,0.0117843643,1.35E-06,0.0006923206746,4.21E-06,0.0001101678924,1.04E-05
0.01601601602,0.01615006909,3.64E-06,0.001056443628,8.55E-06,0.0001718682131,1.90E-05
0.01801801802,0.02108593407,8.43E-06,0.001515579488,1.56E-05,0.0002518166739,3.19E-05
0.02002002002,0.02652922935,1.74E-05,0.002073465889,2.65E-05,0.0003515063936,5.01E-05
0.02202202202,0.03242010916,3.28E-05,0.002732248978,4.21E-05,0.0004721593711,7.46E-05
0.02402402402,0.03870284657,5.74E-05,0.003492800612,6.36E-05,0.0006147590805,0.0001065827047
0.02602602603,0.04532632266,9.46E-05,0.004354981836,9.22E-05,0.0007800810133,0.0001469138635
0.02802802803,0.05224409699,0.0001483700623,0.005317858857,0.000129110421,0.0009687203325,0.0001966212417
0.03003003003,0.05941424951,0.0002230309633,0.006379878818,0.0001755581649,0.001181116437,0.0002566418531
0.03203203203,0.06679910464,0.0003233820823,0.007539012258,0.0002327603835,0.001417574541,0.0003278648402
0.03403403403,0.07436490255,0.0004545258481,0.008792868284,0.00030192489,0.0016782845,0.0004111276881
0.03603603604,0.08208145513,0.000621803874,0.01013878754,0.0003842335764,0.001963337182,0.0005072140045
0.03803803804,0.08992180799,0.0008307155647,0.01157391713,0.0004808336934,0.002272738664,0.0006168525162
0.04004004004,0.09786192003,0.00108683979,0.01309527095,0.0005928308963,0.002606422532,0.0007407170026
0.04204204204,0.1058803661,0.001395761592,0.01469977815,0.000721283834,0.002964260536,0.0008794269399
0.04404404404,0.1139580652,0.001763005246,0.01638432194,0.0008672000721,0.003346071822,0.001033548678
0.04604604605,0.1220780341,0.002193974454,0.01814577067,0.001031533157,0.003751630925,0.001203597009
0.04804804805,0.1302251651,0.002693900053,0.01998100246,0.001215180649,0.004180674704,0.001390037013
0.05005005005,0.1383860278,0.003267795261,0.02188692476,0.001418982967,0.004632908356,0.001593286093
0.05205205205,0.1465486904,0.003920418289,0.0238604896,0.001643722921,0.00510801063,0.001813716133
0.05405405405,0.1547025615,0.00465624195,0.02589870547,0.001890125799,0.005605638366,0.002051655724
0.05605605606,0.162838248,0.00547942979,0.02799864644,0.002158859923,0.006125430422,0.002307392406
0.05805805806,0.1709474292,0.006393818213,0.03015745887,0.002450537579,0.006667011101,0.00258117492
0.06006006006,0.1790227442,0.007402904013,0.03237236643,0.002765716241,0.007229993119,0.002873215409
0.06206206206,0.1870576917,0.008509836735,0.03464067349,0.003104900045,0.007813980191,0.003183691582
0.06406406406,0.1950465403,0.009717415297,0.03695976733,0.00346854143,0.008418569272,0.003512748814
0.06606606607,0.2029842493,0.01102808831,0.03932711935,0.003857042928,0.009043352509,0.003860502168
0.06806806807,0.210866397,0.0124439576,0.04174028547,0.004270759051,0.009687918933,0.004227038342
0.07007007007,0.2186891175,0.01396678439,0.04419690591,0.00470999824,0.01035185593,0.004612417533
0.07207207207,0.2264490436,0.01559799781,0.04669470442,0.005175024858,0.01103475049,0.005016675214
0.07407407407,0.234143256,0.01733870518,0.04923148714,0.0056660612,0.01173619035,0.005439823829
0.07607607608,0.2417692377,0.01918970388,0.05180514112,0.006183289503,0.0124557649,0.005881854397
0.07807807808,0.2493248334,0.02115149431,0.0544136326,0.00672685394,0.01319306603,0.006342738038
0.08008008008,0.2568082127,0.02322429379,0.05705500507,0.007296862582,0.0139476888,0.006822427415
0.08208208208,0.2642178372,0.02540805107,0.05972737727,0.007893389331,0.01471923207,0.007320858091
0.08408408408,0.271552431,0.0277024613,0.062428941,0.008516475802,0.01550729901,0.007837949818
0.08608608609,0.2788109543,0.03010698116,0.06515795893,0.00916613315,0.0163114975,0.008373607746
0.08808808809,0.2859925792,0.03262084415,0.06791276239,0.009842343853,0.01713144053,0.008927723566
0.09009009009,0.2930966685,0.03524307573,0.07069174902,0.01054506343,0.01796674649,0.009500176576
0.09209209209,0.3001227563,0.03797250834,0.07349338062,0.01127422207,0.01881703941,0.01009083469
0.09409409409,0.3070705301,0.04080779612,0.07631618082,0.01202972628,0.01968194918,0.01069955541
0.0960960961,0.3139398155,0.04374742927,0.07915873292,0.01281146037,0.02056111169,0.01132618665
0.0980980981,0.3207305618,0.04678974799,0.08201967769,0.01361928791,0.021454169,0.01197056764
0.1001001001,0.3274428288,0.04993295599,0.08489771127,0.01445305317,0.02236076939,0.01263252968
0.1021021021,0.3340767759,0.05317513343,0.08779158305,0.01531258244,0.02328056743,0.01331189686
0.1041041041,0.3406326507,0.05651424939,0.09070009369,0.01619768532,0.02421322405,0.01400848676
0.1061061061,0.3471107802,0.05994817376,0.09362209313,0.01710815592,0.02515840656,0.01472211107
0.1081081081,0.3535115618,0.06347468854,0.09655647868,0.01804377401,0.02611578862,0.01545257625
0.1101101101,0.3598354556,0.06709149862,0.09950219319,0.01900430617,0.02708505025,0.016199684
0.1121121121,0.3660829773,0.07079624192,0.1024582233,0.0199895068,0.02806587782,0.01696323187
0.1141141141,0.3722546918,0.07458649908,0.1054235975,0.0209991191,0.02905796397,0.01774301369
0.1161161161,0.3783512075,0.07845980243,0.1083973849,0.02203287608,0.03006100759,0.01853882007
0.1181181181,0.3843731707,0.08241364456,0.1113786931,0.02309050136,0.03107471374,0.01935043879
0.1201201201,0.3903212615,0.08644548626,0.1143666672,0.02417171009,0.03209879362,0.02017765523
0.1221221221,0.3961961887,0.090552764,0.1173604878,0.02527620971,0.03313296445,0.02102025274
0.1241241241,0.4019986864,0.09473289686,0.12035937,0.02640370072,0.03417694942,0.02187801295
0.1261261261,0.4077295102,0.09898329299,0.1233625615,0.0275538774,0.03523047759,0.02275071614
0.1281281281,0.4133894342,0.1033013556,0.126369342,0.02872642846,0.03629328383,0.02363814149
0.1301301301,0.4189792476,0.1076844887,0.1293790214,0.02992103769,0.0373651087,0.02454006743
0.1321321321,0.4244997528,0.1121301018,0.1323909385,0.03113738458,0.03844569836,0.02545627183
0.1341341341,0.4299517625,0.1166356151,0.1354044605,0.03237514484,0.03953480449,0.02638653226
0.1361361361,0.4353360974,0.1211984636,0.1384189811,0.03363399097,0.04063218418,0.02733062626
0.1381381381,0.4406535846,0.125816101,0.1414339198,0.03491359272,0.04173759982,0.02828833147
0.1401401401,0.4459050558,0.1304860036,0.1444487211,0.03621361761,0.04285081906,0.02925942589
0.1421421421,0.4510913455,0.1352056733,0.1474628529,0.03753373134,0.04397161461,0.03024368802
0.1441441441,0.4562132896,0.1399726406,0.1504758061,0.03887359818,0.04509976425,0.03124089704
0.1461461461,0.4612717241,0.1447844675,0.1534870934,0.04023288141,0.04623505065,0.03225083296
0.1481481481,0.4662674841,0.14963875,0.1564962485,0.04161124367,0.04737726129,0.03327327677
0.1501501502,0.4712014024,0.1545331196,0.1595028255,0.04300834726,0.04852618841,0.03430801054
0.1521521522,0.476074309,0.1594652461,0.1625063976,0.0444238545,0.04968162883,0.03535481758
0.1541541542,0.4808870296,0.1644328387,0.1655065567,0.04585742802,0.05084338394,0.0364134825
0.1561561562,0.4856403856,0.1694336476,0.1685029127,0.04730873103,0.05201125952,0.03748379137
0.1581581582,0.4903351928,0.1744654655,0.1714950923,0.04877742759,0.05318506571,0.03856553176
0.1601601602,0.4949722612,0.1795261282,0.1744827392,0.05026318283,0.05436461689,0.03965849286
0.1621621622,0.4995523942,0.1846135162,0.1774655124,0.05176566321,0.05554973161,0.04076246554
0.1641641642,0.5040763881,0.189725555,0.1804430866,0.05328453667,0.05674023245,0.0418772424
0.1661661662,0.508545032,0.1948602156,0.1834151507,0.05481947291,0.05793594597,0.04300261789
0.1681681682,0.5129591071,0.2000155156,0.1863814079,0.05637014349,0.05913670265,0.0441383883
0.1701701702,0.5173193865,0.2051895189,0.1893415747,0.05793622205,0.06034233671,0.04528435187
0.1721721722,0.5216266349,0.2103803361,0.1922953809,0.05951738441,0.06155268614,0.04644030878
0.1741741742,0.5258816085,0.215586125,0.1952425682,0.06111330877,0.06276759253,0.04760606126
0.1761761762,0.5300850545,0.2208050903,0.1981828908,0.06272367582,0.06398690103,0.04878141354
0.1781781782,0.5342377112,0.2260354834,0.201116114,0.06434816883,0.06521046025,0.04996617197
0.1801801802,0.5383403076,0.2312756026,0.2040420145,0.0659864738,0.06643812222,0.05116014497
0.1821821822,0.5423935638,0.2365237927,0.2069603793,0.06763827954,0.06766974226,0.05236314312
0.1841841842,0.54639819,0.2417784447,0.2098710058,0.06930327777,0.06890517893,0.05357497914
0.1861861862,0.5503548874,0.2470379955,0.2127737012,0.07098116319,0.07014429397,0.05479546791
0.1881881882,0.5542643476,0.2523009276,0.2156682821,0.07267163357,0.07138695223,0.05602442649
0.1901901902,0.5581272527,0.2575657684,0.2185545742,0.07437438981,0.07263302154,0.05726167416
0.1921921922,0.5619442751,0.2628310897,0.2214324118,0.076089136,0.07388237273,0.05850703238
0.1941941942,0.565716078,0.2680955075,0.2243016377,0.07781557948,0.0751348795,0.0597603248
0.1961961962,0.5694433148,0.273357681,0.2271621028,0.07955343088,0.07639041838,0.06102137732
0.1981981982,0.5731266295,0.2786163122,0.2300136656,0.08130240416,0.07764886865,0.06229001803
0.2002002002,0.5767666567,0.2838701453,0.2328561921,0.08306221665,0.0789101123,0.06356607722
0.2022022022,0.5803640216,0.2891179656,0.2356895557,0.0848325891,0.08017403395,0.06484938742
0.2042042042,0.5839193401,0.2943585997,0.2385136363,0.08661324567,0.08144052078,0.06613978334
0.2062062062,0.5874332186,0.2995909137,0.2413283207,0.08840391397,0.08270946252,0.0674371019
0.2082082082,0.5909062545,0.3048138134,0.2441335019,0.09020432509,0.08398075132,0.06874118221
0.2102102102,0.594339036,0.3100262428,0.2469290792,0.09201421358,0.08525428177,0.07005186556
0.2122122122,0.5977321424,0.315227184,0.2497149577,0.0938333175,0.08652995078,0.07136899541
0.2142142142,0.6010861437,0.320415656,0.2524910481,0.09566137839,0.08780765758,0.07269241739
0.2162162162,0.6044016013,0.3255907141,0.2552572667,0.0974981413,0.08908730362,0.07402197929
0.2182182182,0.6076790678,0.3307514492,0.2580135349,0.09934335477,0.09036879256,0.075357531
0.2202202202,0.6109190871,0.3358969867,0.2607597793,0.1011967708,0.0916520302,0.07669892458
0.2222222222,0.6141221944,0.3410264862,0.2634959312,0.103058145,0.09293692443,0.07804601415
0.2242242242,0.6172889168,0.3461391403,0.2662219265,0.1049272363,0.09422338519,0.07939865596
0.2262262262,0.6204197726,0.3512341743,0.2689377059,0.1068038072,0.09551132442,0.08075670831
0.2282282282,0.6235152721,0.3563108448,0.271643214,0.1086876236,0.09680065602,0.08212003157
0.2302302302,0.6265759175,0.3613684394,0.2743383999,0.110578455,0.0980912958,0.08348848814
0.2322322322,0.6296022029,0.366406276,0.2770232165,0.112476074,0.09938316143,0.08486194246
0.2342342342,0.6325946145,0.3714237016,0.2796976206,0.1143802569,0.1006761724,0.08624026095
0.2362362362,0.6355536306,0.3764200919,0.2823615726,0.1162907833,0.1019702501,0.08762331204
0.2382382382,0.6384797221,0.3813948507,0.2850150365,0.118207436,0.1032653174,0.08901096611
0.2402402402,0.641373352,0.3863474085,0.2876579798,0.1201300015,0.1045612992,0.09040309547
0.2422422422,0.644234976,0.3912772228,0.2902903732,0.1220582694,0.1058581218,0.09179957438
0.2442442442,0.6470650426,0.3961837763,0.2929121905,0.1239920324,0.1071557133,0.093200279
0.2462462462,0.6498639927,0.401066577,0.2955234085,0.1259310868,0.1084540034,0.09460508736
0.2482482482,0.6526322606,0.4059251573,0.2981240071,0.1278752319,0.1097529232,0.09601387937
0.2502502503,0.655370273,0.410759073,0.3007139688,0.1298242704,0.1110524055,0.09742653677
0.2522522523,0.6580784503,0.4155679031,0.303293279,0.131778008,0.1123523845,0.09884294313
0.2542542543,0.6607572056,0.4203512488,0.3058619254,0.1337362536,0.1136527959,0.1002629838
0.2562562563,0.6634069457,0.4251087331,0.3084198984,0.1356988194,0.1149535767,0.101686546
0.2582582583,0.6660280707,0.4298399999,0.3109671908,0.1376655204,0.1162546656,0.1031135185
0.2602602603,0.6686209743,0.4345447136,0.3135037976,0.1396361748,0.1175560023,0.104543792
0.2622622623,0.6711860437,0.4392225586,0.316029716,0.1416106038,0.118857528,0.1059772589
0.2642642643,0.67372366,0.4438732382,0.3185449453,0.1435886317,0.1201591854,0.1074138132
0.2662662663,0.6762341981,0.4484964746,0.3210494869,0.1455700855,0.1214609181,0.1088533506
0.2682682683,0.678718027,0.4530920079,0.3235433442,0.1475547953,0.1227626711,0.1102957685
0.2702702703,0.6811755096,0.4576595959,0.3260265224,0.1495425942,0.1240643909,0.1117409659
0.2722722723,0.683607003,0.4621990131,0.3284990284,0.1515333178,0.1253660247,0.1131888434
0.2742742743,0.6860128587,0.4667100508,0.3309608709,0.1535268049,0.1266675213,0.1146393032
0.2762762763,0.6883934225,0.4711925157,0.3334120605,0.1555228969,0.1279688303,0.1160922491
0.2782782783,0.6907490345,0.4756462305,0.335852609,0.157521438,0.1292699028,0.1175475863
0.2802802803,0.6930800296,0.4800710322,0.3382825299,0.159522275,0.1305706906,0.1190052218
0.2822822823,0.6953867373,0.4844667726,0.3407018382,0.1615252576,0.1318711468,0.1204650638
0.2842842843,0.6976694817,0.4888333173,0.3431105502,0.1635302379,0.1331712256,0.1219270222
0.2862862863,0.6999285819,0.4931705453,0.3455086838,0.1655370709,0.134470882,0.1233910082
0.2882882883,0.7021643518,0.4974783488,0.3478962578,0.167545614,0.1357700722,0.1248569347
0.2902902903,0.7043771005,0.5017566325,0.3502732925,0.1695557271,0.1370687534,0.1263247157
0.2922922923,0.706567132,0.506005313,0.3526398092,0.1715672727,0.1383668835,0.1277942668
0.2942942943,0.7087347457,0.5102243191,0.3549958307,0.1735801159,0.1396644216,0.129265505
0.2962962963,0.7108802359,0.5144135904,0.3573413804,0.175594124,0.1409613277,0.1307383486
0.2982982983,0.7130038928,0.5185730779,0.359676483,0.1776091668,0.1422575626,0.1322127172
0.3003003003,0.7151060015,0.5227027427,0.3620011642,0.1796251166,0.1435530881,0.1336885318
0.3023023023,0.717186843,0.5268025563,0.3643154506,0.1816418479,0.1448478667,0.1351657147
0.3043043043,0.7192466938,0.5308724999,0.3666193697,0.1836592376,0.1461418618,0.1366441895
0.3063063063,0.7212858258,0.5349125643,0.3689129499,0.1856771649,0.1474350378,0.1381238811
0.3083083083,0.7233045071,0.5389227492,0.3711962203,0.187695511,0.1487273596,0.1396047155
0.3103103103,0.7253030013,0.5429030631,0.3734692111,0.1897141597,0.1500187933,0.14108662
0.3123123123,0.727281568,0.5468535228,0.3757319528,0.1917329968,0.1513093054,0.1425695233
0.3143143143,0.7292404628,0.5507741533,0.377984477,0.19375191,0.1525988633,0.1440533551
0.3163163163,0.7311799373,0.5546649876,0.3802268158,0.1957707897,0.1538874352,0.1455380464
0.3183183183,0.7331002391,0.5585260658,0.382459002,0.1977895277,0.15517499,0.1470235291
0.3203203203,0.7350016122,0.5623574354,0.3846810691,0.1998080185,0.1564614973,0.1485097366
0.3223223223,0.7368842967,0.5661591508,0.386893051,0.2018261581,0.1577469273,0.1499966033
0.3243243243,0.7387485291,0.569931273,0.3890949823,0.2038438449,0.1590312511,0.1514840646
0.3263263263,0.7405945421,0.5736738693,0.3912868981,0.205860979,0.1603144403,0.1529720571
0.3283283283,0.742422565,0.5773870133,0.393468834,0.2078774625,0.1615964672,0.1544605184
0.3303303303,0.7442328235,0.5810707843,0.3956408261,0.2098931995,0.1628773048,0.1559493874
0.3323323323,0.7460255401,0.5847252672,0.397802911,0.2119080958,0.1641569266,0.1574386037
0.3343343343,0.7478009335,0.5883505523,0.3999551256,0.2139220593,0.1654353069,0.1589281083
0.3363363363,0.7495592195,0.591946735,0.4020975072,0.2159349995,0.1667124204,0.1604178428
0.3383383383,0.7513006103,0.5955139156,0.4042300937,0.2179468278,0.1679882425,0.1619077502
0.3403403403,0.7530253152,0.5990521993,0.4063529232,0.2199574573,0.1692627493,0.1633977743
0.3423423423,0.75473354,0.6025616955,0.408466034,0.2219668029,0.1705359172,0.1648878597
0.3443443443,0.7564254878,0.606042518,0.4105694651,0.2239747811,0.1718077234,0.1663779524
0.3463463463,0.7581013583,0.6094947848,0.4126632554,0.2259813102,0.1730781455,0.1678679989
0.3483483483,0.7597613485,0.6129186176,0.4147474443,0.2279863102,0.1743471617,0.1693579469
0.3503503504,0.7614056522,0.6163141418,0.4168220715,0.2299897025,0.1756147506,0.1708477449
0.3523523524,0.7630344606,0.6196814865,0.4188871768,0.2319914103,0.1768808916,0.1723373423
0.3543543544,0.7646479617,0.6230207841,0.4209428003,0.2339913583,0.1781455642,0.1738266895
0.3563563564,0.7662463411,0.6263321701,0.4229889822,0.2359894728,0.1794087488,0.1753157376
0.3583583584,0.7678297814,0.6296157831,0.4250257632,0.2379856816,0.1806704259,0.1768044387
0.3603603604,0.7693984626,0.6328717645,0.4270531839,0.2399799141,0.1819305769,0.1782927457
0.3623623624,0.770952562,0.6361002583,0.4290712851,0.2419721009,0.1831891832,0.1797806123
0.3643643644,0.7724922544,0.6393014114,0.4310801078,0.2439621744,0.184446227,0.181267993
0.3663663664,0.774017712,0.6424753729,0.4330796932,0.2459500681,0.1857016907,0.1827548433
0.3683683684,0.7755291043,0.6456222941,0.4350700825,0.2479357172,0.1869555574,0.1842411192
0.3703703704,0.7770265986,0.6487423285,0.437051317,0.2499190582,0.1882078104,0.1857267777
0.3723723724,0.7785103596,0.6518356318,0.4390234383,0.2519000288,0.1894584335,0.1872117765
0.3743743744,0.7799805498,0.6549023613,0.4409864879,0.2538785682,0.190707411,0.1886960741
0.3763763764,0.7814373291,0.6579426764,0.4429405075,0.255854617,0.1919547273,0.1901796296
0.3783783784,0.7828808553,0.6609567378,0.4448855387,0.2578281168,0.1932003676,0.1916624031
0.3803803804,0.7843112838,0.6639447079,0.4468216233,0.2597990108,0.1944443173,0.1931443553
0.3823823824,0.7857287678,0.6669067507,0.4487488031,0.2617672432,0.195686562,0.1946254474
0.3843843844,0.7871334583,0.6698430313,0.4506671199,0.2637327596,0.196927088,0.1961056417
0.3863863864,0.7885255042,0.672753716,0.4525766156,0.2656955067,0.1981658817,0.1975849008
0.3883883884,0.7899050523,0.6756389724,0.4544773321,0.2676554325,0.1994029299,0.1990631883
0.3903903904,0.7912722471,0.6784989691,0.4563693111,0.2696124862,0.20063822,0.2005404683
0.3923923924,0.7926272314,0.6813338754,0.4582525948,0.2715666179,0.2018717394,0.2020167056
0.3943943944,0.7939701456,0.6841438618,0.4601272248,0.2735177791,0.203103476,0.2034918656
0.3963963964,0.7953011284,0.6869290994,0.461993243,0.2754659222,0.204333418,0.2049659145
0.3983983984,0.7966203164,0.68968976,0.4638506913,0.2774110011,0.2055615539,0.2064388189
0.4004004004,0.7979278444,0.6924260158,0.4656996115,0.2793529702,0.2067878727,0.2079105463
0.4024024024,0.7992238453,0.69513804,0.4675400453,0.2812917853,0.2080123634,0.2093810644
0.4044044044,0.8005084499,0.6978260058,0.4693720345,0.2832274034,0.2092350155,0.210850342
0.4064064064,0.8017817875,0.700490087,0.4711956207,0.2851597821,0.2104558188,0.2123183481
0.4084084084,0.8030439854,0.7031304577,0.4730108455,0.2870888803,0.2116747632,0.2137850525
0.4104104104,0.8042951693,0.7057472922,0.4748177505,0.2890146578,0.2128918392,0.2152504255
0.4124124124,0.8055354629,0.708340765,0.4766163771,0.2909370754,0.2141070374,0.2167144379
0.4144144144,0.8067649886,0.7109110509,0.4784067668,0.2928560948,0.2153203486,0.2181770611
0.4164164164,0.8079838666,0.7134583244,0.4801889608,0.2947716788,0.2165317639,0.2196382672
0.4184184184,0.809192216,0.7159827604,0.4819630004,0.2966837909,0.2177412749,0.2210980286
0.4204204204,0.8103901537,0.7184845335,0.4837289267,0.2985923957,0.2189488732,0.2225563184
0.4224224224,0.8115777955,0.7209638183,0.4854867809,0.3004974585,0.2201545506,0.2240131101
0.4244244244,0.8127552554,0.7234207892,0.4872366037,0.3023989456,0.2213582995,0.2254683778
0.4264264264,0.8139226458,0.7258556206,0.4889784361,0.3042968242,0.2225601121,0.2269220961
0.4284284284,0.8150800776,0.7282684864,0.4907123189,0.3061910623,0.2237599812,0.2283742401
0.4304304304,0.8162276604,0.7306595604,0.4924382926,0.3080816287,0.2249578997,0.2298247852
0.4324324324,0.817365502,0.733029016,0.4941563977,0.309968493,0.2261538607,0.2312737077
0.4344344344,0.818493709,0.7353770262,0.4958666747,0.3118516257,0.2273478575,0.2327209839
0.4364364364,0.8196123864,0.7377037638,0.4975691639,0.313730998,0.2285398837,0.234166591
0.4384384384,0.820721638,0.7400094009,0.4992639053,0.315606582,0.2297299331,0.2356105063
0.4404404404,0.8218215659,0.7422941092,0.500950939,0.3174783504,0.2309179997,0.2370527077
0.4424424424,0.8229122712,0.7445580601,0.5026303049,0.3193462767,0.2321040776,0.2384931737
0.4444444444,0.8239938535,0.7468014241,0.5043020427,0.3212103352,0.2332881614,0.2399318829
0.4464464464,0.8250664108,0.7490243714,0.5059661921,0.3230705009,0.2344702456,0.2413688147
0.4484484484,0.8261300404,0.7512270715,0.5076227925,0.3249267494,0.235650325,0.2428039486
0.4504504505,0.8271848377,0.7534096933,0.5092718833,0.3267790573,0.2368283947,0.2442372648
0.4524524525,0.8282308972,0.755572405,0.5109135036,0.3286274014,0.2380044497,0.2456687437
0.4544544545,0.8292683122,0.7577153742,0.5125476926,0.3304717597,0.2391784855,0.2470983661
0.4564564565,0.8302971745,0.7598387676,0.514174489,0.3323121105,0.2403504977,0.2485261135
0.4584584585,0.8313175749,0.7619427514,0.5157939317,0.3341484329,0.2415204819,0.2499519674
0.4604604605,0.832329603,0.7640274909,0.5174060592,0.3359807066,0.242688434,0.2513759099
0.4624624625,0.8333333473,0.7660931508,0.51901091,0.337808912,0.2438543502,0.2527979235
0.4644644645,0.8343288948,0.7681398946,0.5206085223,0.3396330299,0.2450182267,0.254217991
0.4664664665,0.8353163319,0.7701678855,0.5221989343,0.3414530419,0.2461800599,0.2556360956
0.4684684685,0.8362957435,0.7721772856,0.523782184,0.3432689302,0.2473398463,0.2570522208
0.4704704705,0.8372672134,0.7741682561,0.5253583091,0.3450806776,0.2484975827,0.2584663505
0.4724724725,0.8382308247,0.7761409574,0.5269273472,0.3468882673,0.249653266,0.259878469
0.4744744745,0.839186659,0.7780955491,0.528489336,0.3486916832,0.2508068931,0.261288561
0.4764764765,0.8401347971,0.7800321899,0.5300443126,0.3504909097,0.2519584613,0.2626966113
0.4784784785,0.8410753186,0.7819510374,0.5315923143,0.3522859318,0.2531079679,0.2641026052
0.4804804805,0.8420083024,0.7838522484,0.533133378,0.3540767351,0.2542554104,0.2655065283
0.4824824825,0.8429338259,0.7857359789,0.5346675405,0.3558633055,0.2554007864,0.2669083667
0.4844844845,0.8438519661,0.7876023837,0.5361948384,0.3576456295,0.2565440935,0.2683081065
0.4864864865,0.8447627986,0.7894516169,0.5377153083,0.3594236943,0.2576853298,0.2697057343
0.4884884885,0.8456663981,0.7912838314,0.5392289865,0.3611974874,0.2588244932,0.271101237
0.4904904905,0.8465628386,0.7930991793,0.540735909,0.3629669967,0.2599615819,0.2724946018
0.4924924925,0.8474521929,0.7948978117,0.5422361119,0.3647322109,0.2610965941,0.2738858162
0.4944944945,0.848334533,0.7966798786,0.5437296309,0.3664931189,0.2622295282,0.275274868
0.4964964965,0.8492099301,0.798445529,0.5452165017,0.3682497101,0.2633603828,0.2766617452
0.4984984985,0.8500784544,0.8001949112,0.5466967596,0.3700019745,0.2644891564,0.2780464362
0.5005005005,0.8509401751,0.801928172,0.5481704401,0.3717499024,0.2656158479,0.2794289296
0.5025025025,0.8517951608,0.8036454576,0.5496375781,0.3734934845,0.266740456,0.2808092144
0.5045045045,0.8526434791,0.805346913,0.5510982086,0.375232712,0.2678629799,0.2821872797
0.5065065065,0.8534851969,0.8070326822,0.5525523663,0.3769675767,0.2689834185,0.2835631151
0.5085085085,0.85432038,0.8087029082,0.5540000858,0.3786980705,0.2701017711,0.2849367102
0.5105105105,0.8551490937,0.8103577329,0.5554414016,0.3804241859,0.271218037,0.286308055
0.5125125125,0.8559714022,0.8119972972,0.5568763477,0.3821459156,0.2723322156,0.2876771398
0.5145145145,0.8567873693,0.813621741,0.5583049584,0.3838632531,0.2734443064,0.2890439551
0.5165165165,0.8575970577,0.8152312032,0.5597272674,0.3855761918,0.274554309,0.2904084915
0.5185185185,0.8584005294,0.8168258215,0.5611433084,0.3872847257,0.2756622231,0.2917707401
0.5205205205,0.8591978458,0.8184057327,0.562553115,0.3889888493,0.2767680486,0.2931306922
0.5225225225,0.8599890673,0.8199710725,0.5639567205,0.3906885572,0.2778717853,0.2944883391
0.5245245245,0.8607742538,0.8215219756,0.5653541581,0.3923838446,0.2789734333,0.2958436726
0.5265265265,0.8615534644,0.8230585756,0.5667454608,0.3940747068,0.2800729925,0.2971966845
0.5285285285,0.8623267574,0.8245810051,0.5681306613,0.3957611396,0.2811704633,0.2985473671
0.5305305305,0.8630941905,0.8260893957,0.5695097924,0.3974431392,0.2822658458,0.2998957128
0.5325325325,0.8638558208,0.8275838778,0.5708828865,0.3991207019,0.2833591403,0.301241714
0.5345345345,0.8646117044,0.8290645809,0.5722499759,0.4007938246,0.2844503474,0.3025853636
0.5365365365,0.8653618971,0.8305316335,0.5736110927,0.4024625042,0.2855394676,0.3039266546
0.5385385385,0.8661064539,0.8319851628,0.5749662689,0.4041267382,0.2866265013,0.3052655802
0.5405405405,0.8668454289,0.8334252954,0.5763155362,0.4057865243,0.2877114493,0.3066021339
0.5425425425,0.867578876,0.8348521565,0.5776589262,0.4074418605,0.2887943124,0.3079363093
0.5445445445,0.8683068481,0.8362658703,0.5789964705,0.4090927451,0.2898750913,0.3092681001
0.5465465465,0.8690293977,0.8376665602,0.5803282001,0.4107391765,0.290953787,0.3105975005
0.5485485485,0.8697465765,0.8390543484,0.5816541462,0.4123811538,0.2920304003,0.3119245047
0.5505505506,0.8704584358,0.840429356,0.5829743398,0.4140186759,0.2931049325,0.313249107
0.5525525526,0.8711650262,0.8417917034,0.5842888115,0.4156517424,0.2941773845,0.314571302
0.5545545546,0.8718663976,0.8431415096,0.5855975919,0.4172803529,0.2952477575,0.3158910845
0.5565565566,0.8725625994,0.8444788929,0.5869007114,0.4189045073,0.2963160528,0.3172084494
0.5585585586,0.8732536806,0.8458039704,0.5881982002,0.4205242058,0.2973822716,0.3185233919
0.5605605606,0.8739396893,0.8471168582,0.5894900885,0.4221394489,0.2984464155,0.3198359073
0.5625625626,0.8746206733,0.8484176715,0.590776406,0.4237502372,0.2995084857,0.321145991
0.5645645646,0.8752966798,0.8497065245,0.5920571825,0.4253565717,0.3005684838,0.3224536387
0.5665665666,0.8759677554,0.8509835304,0.5933324475,0.4269584534,0.3016264113,0.3237588461
0.5685685686,0.8766339461,0.8522488012,0.5946022304,0.4285558839,0.3026822699,0.3250616093
0.5705705706,0.8772952975,0.8535024483,0.5958665605,0.4301488648,0.3037360612,0.3263619244
0.5725725726,0.8779518547,0.8547445818,0.5971254668,0.4317373978,0.304787787,0.3276597876
0.5745745746,0.8786036621,0.855975311,0.5983789782,0.4333214851,0.305837449,0.3289551955
0.5765765766,0.8792507638,0.8571947442,0.5996271233,0.4349011289,0.3068850491,0.3302481445
0.5785785786,0.8798932033,0.8584029886,0.6008699308,0.4364763317,0.3079305891,0.3315386315
0.5805805806,0.8805310236,0.8596001508,0.602107429,0.4380470962,0.308974071,0.3328266532
0.5825825826,0.8811642672,0.8607863359,0.6033396462,0.4396134253,0.3100154968,0.3341122069
0.5845845846,0.8817929761,0.8619616487,0.6045666104,0.4411753221,0.3110548686,0.3353952896
0.5865865866,0.882417192,0.8631261924,0.6057883496,0.4427327898,0.3120921884,0.3366758987
0.5885885886,0.883036956,0.8642800699,0.6070048914,0.444285832,0.3131274583,0.3379540315
0.5905905906,0.8836523086,0.8654233826,0.6082162634,0.4458344523,0.3141606806,0.3392296858
0.5925925926,0.8842632901,0.8665562314,0.6094224931,0.4473786545,0.3151918575,0.3405028593
0.5945945946,0.8848699402,0.8676787161,0.6106236077,0.4489184427,0.3162209912,0.3417735497
0.5965965966,0.8854722982,0.8687909355,0.6118196344,0.450453821,0.3172480841,0.3430417552
0.5985985986,0.886070403,0.8698929877,0.6130106,0.4519847938,0.3182731385,0.3443074738
0.6006006006,0.8866642929,0.8709849698,0.6141965314,0.4535113656,0.3192961568,0.3455707037
0.6026026026,0.887254006,0.8720669779,0.6153774552,0.4550335412,0.3203171415,0.3468314433
0.6046046046,0.8878395798,0.8731391075,0.6165533978,0.4565513253,0.3213360951,0.3480896912
0.6066066066,0.8884210516,0.8742014529,0.6177243856,0.458064723,0.3223530201,0.3493454459
0.6086086086,0.888998458,0.8752541077,0.6188904448,0.4595737394,0.323367919,0.3505987061
0.6106106106,0.8895718355,0.8762971646,0.6200516013,0.4610783799,0.3243807944,0.3518494707
0.6126126126,0.8901412198,0.8773307154,0.621207881,0.4625786499,0.325391649,0.3530977387
0.6146146146,0.8907066468,0.8783548511,0.6223593097,0.4640745549,0.3264004854,0.354343509
0.6166166166,0.8912681513,0.8793696618,0.6235059128,0.4655661009,0.3274073064,0.355586781
0.6186186186,0.8918257684,0.8803752368,0.6246477159,0.4670532935,0.3284121146,0.3568275537
0.6206206206,0.8923795323,0.8813716645,0.6257847441,0.4685361389,0.3294149129,0.3580658268
0.6226226226,0.8929294771,0.8823590325,0.6269170225,0.4700146431,0.3304157041,0.3593015995
0.6246246246,0.8934756364,0.8833374276,0.6280445761,0.4714888125,0.3314144909,0.3605348716
0.6266266266,0.8940180437,0.8843069357,0.6291674298,0.4729586534,0.3324112763,0.3617656427
0.6286286286,0.8945567317,0.8852676421,0.6302856081,0.4744241723,0.3334060632,0.3629939127
0.6306306306,0.895091733,0.8862196309,0.6313991356,0.475885376,0.3343988544,0.3642196813
0.6326326326,0.89562308,0.8871629858,0.6325080367,0.4773422711,0.3353896529,0.3654429487
0.6346346346,0.8961508045,0.8880977896,0.6336123356,0.4787948645,0.3363784618,0.3666637148
0.6366366366,0.896674938,0.889024124,0.6347120564,0.4802431633,0.337365284,0.3678819799
0.6386386386,0.8971955118,0.8899420704,0.635807223,0.4816871744,0.3383501225,0.3690977443
0.6406406406,0.8977125567,0.8908517091,0.6368978592,0.4831269051,0.3393329805,0.3703110082
0.6426426426,0.8982261032,0.8917531198,0.6379839887,0.4845623627,0.340313861,0.3715217721
0.6446446446,0.8987361817,0.8926463812,0.639065635,0.4859935546,0.3412927671,0.3727300366
0.6466466466,0.8992428219,0.8935315716,0.6401428214,0.4874204883,0.3422697019,0.3739358023
0.6486486486,0.8997460536,0.8944087682,0.6412155713,0.4888431714,0.3432446687,0.3751390698
0.6506506507,0.9002459059,0.8952780477,0.6422839077,0.4902616116,0.3442176706,0.3763398399
0.6526526527,0.9007424078,0.896139486,0.6433478536,0.4916758167,0.3451887108,0.3775381136
0.6546546547,0.9012355879,0.8969931581,0.6444074318,0.4930857946,0.3461577926,0.3787338917
0.6566566567,0.9017254748,0.8978391386,0.6454626649,0.4944915532,0.3471249191,0.3799271753
0.6586586587,0.9022120963,0.898677501,0.6465135756,0.4958931006,0.3480900937,0.3811179654
0.6606606607,0.9026954803,0.8995083184,0.6475601863,0.4972904448,0.3490533197,0.3823062633
0.6626626627,0.9031756543,0.9003316631,0.6486025192,0.4986835943,0.3500146003,0.3834920702
0.6646646647,0.9036526454,0.9011476066,0.6496405965,0.5000725571,0.350973939,0.3846753873
0.6666666667,0.9041264806,0.9019562198,0.6506744403,0.5014573418,0.351931339,0.3858562161
0.6686686687,0.9045971865,0.9027575729,0.6517040723,0.5028379567,0.3528868036,0.3870345581
0.6706706707,0.9050647894,0.9035517354,0.6527295144,0.5042144104,0.3538403364,0.3882104147
0.6726726727,0.9055293155,0.9043387762,0.6537507883,0.5055867114,0.3547919407,0.3893837876
0.6746746747,0.9059907905,0.9051187634,0.6547679153,0.5069548685,0.3557416199,0.3905546784
0.6766766767,0.90644924,0.9058917645,0.6557809169,0.5083188903,0.3566893775,0.3917230888
0.6786786787,0.9069046893,0.9066578463,0.6567898143,0.5096787857,0.3576352168,0.3928890207
0.6806806807,0.9073571635,0.907417075,0.6577946286,0.5110345636,0.3585791415,0.3940524759
0.6826826827,0.9078066872,0.9081695162,0.6587953809,0.5123862328,0.3595211548,0.3952134562
0.6846846847,0.9082532851,0.9089152347,0.659792092,0.5137338023,0.3604612605,0.3963719638
0.6866866867,0.9086969813,0.9096542949,0.6607847825,0.5150772812,0.3613994618,0.3975280005
0.6886886887,0.9091378,0.9103867603,0.6617734733,0.5164166786,0.3623357625,0.3986815686
0.6906906907,0.9095757648,0.911112694,0.6627581847,0.5177520036,0.363270166,0.3998326702
0.6926926927,0.9100108994,0.9118321583,0.663738937,0.5190832654,0.3642026758,0.4009813074
0.6946946947,0.9104432271,0.912545215,0.6647157507,0.5204104734,0.3651332955,0.4021274825
0.6966966967,0.9108727708,0.9132519254,0.6656886457,0.5217336368,0.3660620288,0.4032711979
0.6986986987,0.9112995534,0.9139523499,0.6666576422,0.523052765,0.3669888791,0.4044124559
0.7007007007,0.9117235977,0.9146465485,0.6676227599,0.5243678674,0.3679138501,0.405551259
0.7027027027,0.9121449258,0.9153345807,0.6685840187,0.5256789535,0.3688369454,0.4066876096
0.7047047047,0.91256356,0.9160165052,0.6695414382,0.5269860327,0.3697581685,0.4078215102
0.7067067067,0.9129795222,0.9166923802,0.670495038,0.5282891146,0.3706775232,0.4089529635
0.7087087087,0.9133928341,0.9173622635,0.6714448374,0.5295882089,0.3715950131,0.410081972
0.7107107107,0.9138035173,0.918026212,0.6723908558,0.530883325,0.3725106418,0.4112085385
0.7127127127,0.9142115929,0.9186842823,0.6733331124,0.5321744728,0.3734244129,0.4123326656
0.7147147147,0.9146170822,0.9193365303,0.6742716261,0.5334616619,0.3743363302,0.4134543561
0.7167167167,0.9150200059,0.9199830116,0.6752064161,0.534744902,0.3752463973,0.4145736128
0.7187187187,0.9154203846,0.9206237808,0.6761375012,0.536024203,0.3761546178,0.4156904385
0.7207207207,0.915818239,0.9212588924,0.6770649,0.5372995746,0.3770609955,0.4168048363
0.7227227227,0.9162135891,0.9218884,0.6779886312,0.5385710267,0.3779655341,0.4179168089
0.7247247247,0.9166064551,0.9225123571,0.6789087133,0.5398385691,0.3788682373,0.4190263595
0.7267267267,0.9169968569,0.9231308162,0.6798251647,0.5411022119,0.3797691087,0.4201334909
0.7287287287,0.917384814,0.9237438297,0.6807380037,0.5423619649,0.3806681521,0.4212382063
0.7307307307,0.917770346,0.9243514491,0.6816472486,0.543617838,0.3815653713,0.4223405088
0.7327327327,0.9181534721,0.9249537257,0.6825529173,0.5448698414,0.3824607699,0.4234404016
0.7347347347,0.9185342115,0.9255507101,0.6834550278,0.5461179849,0.3833543516,0.4245378877
0.7367367367,0.918912583,0.9261424525,0.684353598,0.5473622787,0.3842461203,0.4256329704
0.7387387387,0.9192886054,0.9267290026,0.6852486457,0.5486027328,0.3851360796,0.426725653
0.7407407407,0.9196622972,0.9273104095,0.6861401885,0.5498393573,0.3860242334,0.4278159387
0.7427427427,0.9200336767,0.927886722,0.6870282439,0.5510721623,0.3869105853,0.428903831
0.7447447447,0.9204027623,0.9284579882,0.6879128294,0.552301158,0.3877951391,0.429989333
0.7467467467,0.9207695718,0.9290242559,0.6887939623,0.5535263544,0.3886778987,0.4310724483
0.7487487487,0.9211341232,0.9295855723,0.6896716599,0.5547477619,0.3895588677,0.4321531802
0.7507507508,0.921496434,0.9301419843,0.6905459393,0.5559653905,0.3904380499,0.4332315322
0.7527527528,0.9218565218,0.9306935381,0.6914168175,0.5571792505,0.3913154491,0.4343075078
0.7547547548,0.922214404,0.9312402797,0.6922843115,0.5583893522,0.392191069,0.4353811105
0.7567567568,0.9225700976,0.9317822544,0.6931484381,0.5595957056,0.3930649136,0.4364523438
0.7587587588,0.9229236197,0.9323195073,0.694009214,0.5607983211,0.3939369864,0.4375212114
0.7607607608,0.9232749872,0.9328520828,0.6948666558,0.561997209,0.3948072914,0.4385877168
0.7627627628,0.9236242167,0.933380025,0.6957207801,0.5631923796,0.3956758323,0.4396518637
0.7647647648,0.9239713247,0.9339033775,0.6965716033,0.564383843,0.3965426128,0.4407136557
0.7667667668,0.9243163276,0.9344221836,0.6974191418,0.5655716097,0.3974076369,0.4417730965
0.7687687688,0.9246592417,0.9349364861,0.6982634118,0.56675569,0.3982709082,0.4428301898
0.7707707708,0.9250000829,0.9354463273,0.6991044295,0.5679360941,0.3991324306,0.4438849395
0.7727727728,0.9253388672,0.9359517491,0.6999422108,0.5691128323,0.3999922079,0.4449373491
0.7747747748,0.9256756104,0.9364527931,0.7007767718,0.5702859151,0.4008502438,0.4459874226
0.7767767768,0.9260103281,0.9369495003,0.7016081283,0.5714553528,0.4017065422,0.4470351637
0.7787787788,0.9263430357,0.9374419116,0.7024362961,0.5726211557,0.4025611069,0.4480805763
0.7807807808,0.9266737485,0.9379300671,0.7032612909,0.5737833341,0.4034139416,0.4491236643
0.7827827828,0.9270024818,0.9384140068,0.7040831283,0.5749418985,0.4042650501,0.4501644315
0.7847847848,0.9273292505,0.9388937702,0.7049018236,0.5760968591,0.4051144363,0.4512028818
0.7867867868,0.9276540697,0.9393693964,0.7057173925,0.5772482264,0.405962104,0.4522390192
0.7887887888,0.9279769539,0.9398409241,0.70652985,0.5783960107,0.4068080569,0.4532728476
0.7907907908,0.928297918,0.9403083917,0.7073392116,0.5795402225,0.4076522988,0.454304371
0.7927927928,0.9286169762,0.9407718372,0.7081454923,0.5806808719,0.4084948336,0.4553335933
0.7947947948,0.9289341431,0.941231298,0.7089487072,0.5818179696,0.409335665,0.4563605187
0.7967967968,0.9292494328,0.9416868115,0.7097488711,0.5829515257,0.4101747968,0.457385151
0.7987987988,0.9295628595,0.9421384145,0.7105459991,0.5840815507,0.4110122329,0.4584074944
0.8008008008,0.929874437,0.9425861435,0.7113401058,0.585208055,0.411847977,0.459427553
0.8028028028,0.9301841792,0.9430300346,0.712131206,0.5863310489,0.4126820329,0.4604453307
0.8048048048,0.9304920999,0.9434701235,0.7129193143,0.5874505427,0.4135144045,0.4614608317
0.8068068068,0.9307982125,0.9439064458,0.7137044451,0.588566547,0.4143450954,0.4624740602
0.8088088088,0.9311025307,0.9443390363,0.714486613,0.5896790719,0.4151741095,0.4634850202
0.8108108108,0.9314050676,0.9447679299,0.7152658323,0.5907881279,0.4160014505,0.464493716
0.8128128128,0.9317058366,0.945193161,0.7160421173,0.5918937253,0.4168271223,0.4655001515
0.8148148148,0.9320048507,0.9456147635,0.7168154821,0.5929958745,0.4176511286,0.4665043312
0.8168168168,0.9323021229,0.9460327712,0.7175859409,0.5940945858,0.4184734733,0.4675062591
0.8188188188,0.9325976661,0.9464472174,0.7183535077,0.5951898695,0.41929416,0.4685059394
0.8208208208,0.932891493,0.9468581351,0.7191181964,0.596281736,0.4201131926,0.4695033764
0.8228228228,0.9331836162,0.9472655571,0.7198800209,0.5973701956,0.4209305748,0.4704985744
0.8248248248,0.9334740483,0.9476695158,0.720638995,0.5984552587,0.4217463104,0.4714915374
0.8268268268,0.9337628016,0.9480700432,0.7213951324,0.5995369354,0.4225604032,0.4724822699
0.8288288288,0.9340498885,0.948467171,0.7221484466,0.6006152361,0.4233728569,0.4734707762
0.8308308308,0.9343353211,0.9488609308,0.7228989514,0.6016901711,0.4241836752,0.4744570603
0.8328328328,0.9346191116,0.9492513536,0.72364666,0.6027617507,0.4249928621,0.4754411268
0.8348348348,0.9349012718,0.9496384703,0.7243915859,0.6038299852,0.4258004211,0.4764229799
0.8368368368,0.9351818136,0.9500223113,0.7251337424,0.6048948848,0.426606356,0.4774026238
0.8388388388,0.9354607489,0.9504029069,0.7258731428,0.6059564597,0.4274106707,0.478380063
0.8408408408,0.9357380892,0.9507802871,0.7266098002,0.6070147202,0.4282133688,0.4793553018
0.8428428428,0.9360138461,0.9511544814,0.7273437276,0.6080696765,0.429014454,0.4803283446
0.8448448448,0.936288031,0.9515255191,0.7280749382,0.6091213389,0.4298139301,0.4812991956
0.8468468468,0.9365606554,0.9518934294,0.7288034448,0.6101697175,0.4306118009,0.4822678592
0.8488488488,0.9368317303,0.9522582409,0.7295292602,0.6112148225,0.4314080701,0.48323434
0.8508508509,0.937101267,0.9526199822,0.7302523973,0.6122566641,0.4322027413,0.4841986421
0.8528528529,0.9373692766,0.9529786814,0.7309728688,0.6132952526,0.4329958183,0.4851607701
0.8548548549,0.9376357699,0.9533343666,0.7316906873,0.6143305979,0.4337873048,0.4861207283
0.8568568569,0.9379007579,0.9536870652,0.7324058653,0.6153627103,0.4345772046,0.4870785211
0.8588588589,0.9381642513,0.9540368047,0.7331184154,0.6163915998,0.4353655213,0.488034153
0.8608608609,0.9384262607,0.9543836123,0.73382835,0.6174172767,0.4361522586,0.4889876284
0.8628628629,0.9386867968,0.9547275146,0.7345356815,0.6184397509,0.4369374202,0.4899389516
0.8648648649,0.9389458699,0.9550685384,0.735240422,0.6194590326,0.4377210098,0.4908881273
0.8668668669,0.9392034906,0.95540671,0.7359425839,0.6204751319,0.4385030312,0.4918351597
0.8688688689,0.9394596691,0.9557420553,0.7366421792,0.6214880587,0.4392834879,0.4927800534
0.8708708709,0.9397144157,0.9560746003,0.7373392201,0.6224978231,0.4400623837,0.4937228128
0.8728728729,0.9399677403,0.9564043704,0.7380337185,0.6235044351,0.4408397222,0.4946634424
0.8748748749,0.9402196532,0.956731391,0.7387256864,0.6245079047,0.4416155071,0.4956019466
0.8768768769,0.9404701642,0.9570556871,0.7394151356,0.6255082419,0.442389742,0.4965383299
0.8788788789,0.9407192831,0.9573772835,0.7401020779,0.6265054567,0.4431624307,0.4974725968
0.8808808809,0.9409670199,0.9576962048,0.7407865251,0.627499559,0.4439335767,0.4984047517
0.8828828829,0.9412133841,0.9580124753,0.7414684889,0.6284905587,0.4447031837,0.4993347992
0.8848848849,0.9414583855,0.9583261192,0.7421479807,0.6294784658,0.4454712553,0.5002627438
0.8868868869,0.9417020334,0.9586371602,0.7428250122,0.6304632901,0.4462377952,0.5011885899
0.8888888889,0.9419443374,0.9589456221,0.7434995949,0.6314450415,0.4470028071,0.502112342
0.8908908909,0.9421853069,0.9592515281,0.7441717401,0.6324237299,0.4477662944,0.5030340046
0.8928928929,0.942424951,0.9595549015,0.7448414591,0.6333993651,0.4485282609,0.5039535823
0.8948948949,0.9426632792,0.9598557652,0.7455087633,0.6343719569,0.4492887102,0.5048710795
0.8968968969,0.9429003004,0.9601541419,0.7461736638,0.6353415151,0.4500476458,0.5057865008
0.8988988989,0.9431360237,0.9604500541,0.7468361718,0.6363080496,0.4508050713,0.5066998507
0.9009009009,0.9433704581,0.9607435241,0.7474962984,0.63727157,0.4515609905,0.5076111336
0.9029029029,0.9436036125,0.9610345739,0.7481540546,0.6382320861,0.4523154067,0.5085203541
0.9049049049,0.9438354958,0.9613232255,0.7488094514,0.6391896076,0.4530683237,0.5094275167
0.9069069069,0.9440661167,0.9616095003,0.7494624996,0.6401441443,0.4538197449,0.5103326259
0.9089089089,0.9442954839,0.9618934199,0.7501132102,0.6410957058,0.4545696741,0.5112356863
0.9109109109,0.9445236059,0.9621750055,0.7507615938,0.6420443017,0.4553181146,0.5121367023
0.9129129129,0.9447504913,0.9624542781,0.7514076612,0.6429899417,0.4560650702,0.5130356785
0.9149149149,0.9449761487,0.9627312585,0.752051423,0.6439326355,0.4568105442,0.5139326194
0.9169169169,0.9452005863,0.9630059672,0.7526928899,0.6448723925,0.4575545404,0.5148275295
0.9189189189,0.9454238125,0.9632784248,0.7533320724,0.6458092225,0.4582970621,0.5157204134
0.9209209209,0.9456458356,0.9635486514,0.753968981,0.6467431348,0.459038113,0.5166112756
0.9229229229,0.9458666637,0.963816667,0.754603626,0.6476741392,0.4597776966,0.5175001205
0.9249249249,0.946086305,0.9640824914,0.7552360178,0.648602245,0.4605158164,0.5183869528
0.9269269269,0.9463047675,0.9643461443,0.7558661668,0.6495274618,0.4612524758,0.5192717769
0.9289289289,0.9465220592,0.9646076452,0.7564940832,0.6504497991,0.4619876785,0.5201545974
0.9309309309,0.9467381881,0.9648670132,0.7571197772,0.6513692662,0.4627214279,0.5210354188
0.9329329329,0.9469531619,0.9651242674,0.7577432589,0.6522858726,0.4634537275,0.5219142456
0.9349349349,0.9471669884,0.9653794268,0.7583645384,0.6531996278,0.4641845807,0.5227910823
0.9369369369,0.9473796755,0.9656325099,0.7589836257,0.654110541,0.4649139911,0.5236659334
0.9389389389,0.9475912307,0.9658835354,0.7596005308,0.6550186216,0.4656419622,0.5245388035
0.9409409409,0.9478016617,0.9661325216,0.7602152635,0.655923879,0.4663684973,0.5254096971
0.9429429429,0.9480109759,0.9663794866,0.7608278338,0.6568263225,0.4670936,0.5262786187
0.9449449449,0.9482191809,0.9666244485,0.7614382515,0.6577259613,0.4678172738,0.5271455727
0.9469469469,0.9484262841,0.966867425,0.7620465262,0.6586228048,0.4685395219,0.5280105638
0.9489489489,0.9486322929,0.9671084338,0.7626526677,0.6595168621,0.469260348,0.5288735964
0.950950951,0.9488372144,0.9673474924,0.7632566857,0.6604081425,0.4699797554,0.5297346751
0.952952953,0.949041056,0.9675846181,0.7638585896,0.6612966552,0.4706977475,0.5305938042
0.954954955,0.9492438249,0.9678198281,0.7644583891,0.6621824093,0.4714143278,0.5314509884
0.956956957,0.9494455281,0.9680531392,0.7650560936,0.663065414,0.4721294997,0.5323062322
0.958958959,0.9496461727,0.9682845684,0.7656517126,0.6639456784,0.4728432665,0.5331595399
0.960960961,0.9498457658,0.9685141322,0.7662452554,0.6648232116,0.4735556317,0.5340109162
0.962962963,0.9500443142,0.9687418473,0.7668367313,0.6656980227,0.4742665987,0.5348603655
0.964964965,0.950241825,0.9689677299,0.7674261497,0.6665701207,0.4749761708,0.5357078923
0.966966967,0.9504383048,0.9691917962,0.7680135197,0.6674395146,0.4756843515,0.536553501
0.968968969,0.9506337604,0.9694140622,0.7685988506,0.6683062136,0.476391144,0.5373971962
0.970970971,0.9508281987,0.9696345439,0.7691821514,0.6691702264,0.4770965518,0.5382389824
0.972972973,0.9510216263,0.9698532569,0.7697634312,0.6700315622,0.4778005782,0.539078864
0.974974975,0.9512140498,0.9700702168,0.770342699,0.6708902298,0.4785032265,0.5399168454
0.976976977,0.9514054758,0.9702854391,0.7709199639,0.6717462381,0.4792045001,0.5407529312
0.978978979,0.9515959108,0.970498939,0.7714952348,0.672599596,0.4799044023,0.5415871258
0.980980981,0.9517853612,0.9707107316,0.7720685204,0.6734503124,0.4806029365,0.5424194337
0.982982983,0.9519738334,0.970920832,0.7726398297,0.6742983961,0.4813001059,0.5432498593
0.984984985,0.952161334,0.971129255,0.7732091715,0.6751438559,0.4819959139,0.5440784071
0.986986987,0.952347869,0.9713360153,0.7737765544,0.6759867006,0.4826903638,0.5449050814
0.988988989,0.9525334449,0.9715411275,0.7743419871,0.6768269389,0.4833834589,0.5457298869
0.990990991,0.9527180677,0.971744606,0.7749054784,0.6776645796,0.4840752024,0.5465528278
0.992992993,0.9529017438,0.9719464651,0.7754670367,0.6784996314,0.4847655976,0.5473739086
0.994994995,0.9530844791,0.9721467189,0.7760266706,0.679332103,0.4854546478,0.5481931338
0.996996997,0.9532662798,0.9723453816,0.7765843887,0.6801620031,0.4861423564,0.5490105077
0.998998999,0.9534471519,0.9725424669,0.7771401994,0.6809893402,0.4868287264,0.5498260349
1.001001001,0.9536271013,0.9727379886,0.777694111,0.681814123,0.4875137613,0.5506397196
1.003003003,0.953806134,0.9729319604,0.778246132,0.68263636,0.4881974641,0.5514515663
1.005005005,0.9539842558,0.9731243957,0.7787962707,0.6834560599,0.4888798383,0.5522615795
1.007007007,0.9541614727,0.973315308,0.7793445353,0.6842732312,0.4895608869,0.5530697634
1.009009009,0.9543377903,0.9735047104,0.7798909341,0.6850878823,0.4902406133,0.5538761225
1.011011011,0.9545132144,0.9736926162,0.7804354752,0.6859000218,0.4909190206,0.5546806613
1.013013013,0.9546877508,0.9738790382,0.7809781668,0.6867096582,0.491596112,0.5554833839
1.015015015,0.954861405,0.9740639895,0.781519017,0.6875167998,0.4922718908,0.5562842949
1.017017017,0.9550341827,0.9742474826,0.7820580339,0.688321455,0.4929463601,0.5570833986
1.019019019,0.9552060895,0.9744295304,0.7825952254,0.6891236323,0.4936195231,0.5578806994
1.021021021,0.9553771308,0.9746101452,0.7831305995,0.6899233401,0.494291383,0.5586762015
1.023023023,0.9555473122,0.9747893395,0.7836641642,0.6907205866,0.494961943,0.5594699095
1.025025025,0.9557166391,0.9749671256,0.7841959273,0.6915153801,0.4956312062,0.5602618275
1.027027027,0.9558851168,0.9751435156,0.7847258967,0.692307729,0.4962991758,0.56105196
1.029029029,0.9560527509,0.9753185216,0.7852540801,0.6930976416,0.4969658549,0.5618403113
1.031031031,0.9562195464,0.9754921555,0.7857804854,0.6938851259,0.4976312467,0.5626268857
1.033033033,0.9563855089,0.9756644292,0.7863051202,0.6946701904,0.4982953543,0.5634116875
1.035035035,0.9565506433,0.9758353543,0.7868279922,0.695452843,0.4989581808,0.5641947211
1.037037037,0.9567149551,0.9760049426,0.787349109,0.6962330921,0.4996197294,0.5649759907
1.039039039,0.9568784493,0.9761732054,0.7878684783,0.6970109457,0.5002800031,0.5657555007
1.041041041,0.957041131,0.9763401542,0.7883861076,0.697786412,0.5009390051,0.5665332553
1.043043043,0.9572030053,0.9765058003,0.7889020044,0.698559499,0.5015967384,0.5673092588
1.045045045,0.9573640773,0.9766701548,0.7894161762,0.6993302148,0.5022532061,0.5680835156
1.047047047,0.9575243519,0.9768332288,0.7899286304,0.7000985674,0.5029084114,0.5688560299
1.049049049,0.9576838341,0.9769950333,0.7904393744,0.7008645648,0.5035623573,0.5696268059
1.051051051,0.9578425289,0.9771555792,0.7909484156,0.7016282151,0.5042150468,0.5703958479
1.053053053,0.9580004411,0.9773148773,0.7914557613,0.7023895262,0.5048664831,0.5711631602
1.055055055,0.9581575756,0.9774729381,0.7919614187,0.7031485059,0.5055166691,0.571928747
1.057057057,0.9583139371,0.9776297724,0.7924653951,0.7039051623,0.5061656079,0.5726926126
1.059059059,0.9584695305,0.9777853905,0.7929676977,0.7046595032,0.5068133025,0.5734547612
1.061061061,0.9586243605,0.9779398028,0.7934683338,0.7054115365,0.5074597561,0.5742151969
1.063063063,0.9587784319,0.9780930196,0.7939673103,0.70616127,0.5081049715,0.5749739242
1.065065065,0.9589317492,0.9782450512,0.7944646343,0.7069087115,0.5087489518,0.575730947
1.067067067,0.9590843171,0.9783959075,0.7949603131,0.7076538688,0.5093917,0.5764862698
1.069069069,0.9592361403,0.9785455986,0.7954543534,0.7083967496,0.5100332192,0.5772398965
1.071071071,0.9593872232,0.9786941344,0.7959467625,0.7091373618,0.5106735122,0.5779918315
1.073073073,0.9595375705,0.9788415247,0.796437547,0.7098757129,0.5113125821,0.578742079
1.075075075,0.9596871866,0.9789877792,0.7969267141,0.7106118108,0.5119504319,0.579490643
1.077077077,0.959836076,0.9791329076,0.7974142705,0.711345663,0.5125870644,0.5802375278
1.079079079,0.9599842431,0.9792769194,0.7979002231,0.7120772772,0.5132224828,0.5809827375
1.081081081,0.9601316923,0.979419824,0.7983845787,0.7128066609,0.5138566899,0.5817262763
1.083083083,0.960278428,0.9795616309,0.7988673441,0.7135338219,0.5144896887,0.5824681483
1.085085085,0.9604244546,0.9797023493,0.7993485259,0.7142587676,0.5151214821,0.5832083576
1.087087087,0.9605697762,0.9798419884,0.7998281309,0.7149815056,0.5157520731,0.5839469085
1.089089089,0.9607143973,0.9799805573,0.8003061657,0.7157020434,0.5163814645,0.5846838049
1.091091091,0.960858322,0.9801180651,0.800782637,0.7164203885,0.5170096593,0.5854190511
1.093093093,0.9610015545,0.9802545207,0.8012575513,0.7171365483,0.5176366604,0.5861526511
1.095095095,0.9611440991,0.9803899329,0.8017309152,0.7178505303,0.5182624707,0.5868846091
1.097097097,0.9612859599,0.9805243106,0.8022027352,0.7185623418,0.5188870931,0.5876149291
1.099099099,0.9614271409,0.9806576624,0.8026730179,0.7192719904,0.5195105305,0.5883436151
1.101101101,0.9615676463,0.9807899971,0.8031417696,0.7199794834,0.5201327858,0.5890706714
1.103103103,0.9617074802,0.980921323,0.8036089968,0.720684828,0.5207538617,0.5897961019
1.105105105,0.9618466465,0.9810516487,0.8040747058,0.7213880316,0.5213737613,0.5905199107
1.107107107,0.9619851493,0.9811809826,0.8045389031,0.7220891015,0.5219924873,0.5912421018
1.109109109,0.9621229926,0.981309333,0.805001595,0.722788045,0.5226100426,0.5919626794
1.111111111,0.9622601802,0.9814367081,0.8054627877,0.7234848694,0.5232264301,0.5926816474
1.113113113,0.9623967161,0.9815631161,0.8059224875,0.7241795817,0.5238416525,0.5933990099
1.115115115,0.9625326041,0.981688565,0.8063807006,0.7248721893,0.5244557127,0.5941147708
1.117117117,0.9626678482,0.981813063,0.8068374333,0.7255626992,0.5250686136,0.5948289342
1.119119119,0.9628024522,0.9819366178,0.8072926916,0.7262511188,0.5256803579,0.5955415042
1.121121121,0.9629364198,0.9820592375,0.8077464818,0.7269374549,0.5262909484,0.5962524846
1.123123123,0.9630697548,0.9821809297,0.8081988099,0.7276217149,0.5269003879,0.5969618795
1.125125125,0.963202461,0.9823017023,0.808649682,0.7283039057,0.5275086793,0.5976696929
1.127127127,0.9633345421,0.9824215629,0.8090991041,0.7289840344,0.5281158253,0.5983759287
1.129129129,0.9634660018,0.982540519,0.8095470822,0.729662108,0.5287218287,0.5990805908
1.131131131,0.9635968437,0.9826585782,0.8099936223,0.7303381335,0.5293266923,0.5997836834
1.133133133,0.9637270716,0.9827757479,0.8104387304,0.7310121179,0.5299304188,0.6004852102
1.135135135,0.9638566889,0.9828920355,0.8108824124,0.7316840682,0.5305330109,0.6011851752
1.137137137,0.9639856993,0.9830074484,0.8113246741,0.7323539913,0.5311344715,0.6018835824
1.139139139,0.9641141064,0.9831219937,0.8117655214,0.7330218941,0.5317348032,0.6025804357
1.141141141,0.9642419137,0.9832356787,0.8122049602,0.7336877834,0.5323340089,0.603275739
1.143143143,0.9643691247,0.9833485105,0.8126429962,0.7343516662,0.5329320911,0.6039694962
1.145145145,0.9644957428,0.9834604961,0.8130796353,0.7350135493,0.5335290527,0.6046617111
1.147147147,0.9646217717,0.9835716426,0.813514883,0.7356734395,0.5341248963,0.6053523878
1.149149149,0.9647472146,0.9836819568,0.8139487453,0.7363313436,0.5347196247,0.6060415299
1.151151151,0.964872075,0.9837914456,0.8143812276,0.7369872684,0.5353132406,0.6067291416
1.153153153,0.9649963564,0.9839001159,0.8148123358,0.7376412205,0.5359057465,0.6074152265
1.155155155,0.965120062,0.9840079743,0.8152420753,0.7382932068,0.5364971453,0.6080997885
1.157157157,0.9652431951,0.9841150276,0.8156704519,0.7389432339,0.5370874396,0.6087828315
1.159159159,0.9653657593,0.9842212824,0.816097471,0.7395913085,0.5376766321,0.6094643594
1.161161161,0.9654877576,0.9843267452,0.8165231383,0.7402374372,0.5382647254,0.6101443759
1.163163163,0.9656091934,0.9844314226,0.8169474592,0.7408816267,0.5388517222,0.6108228849
1.165165165,0.96573007,0.984535321,0.8173704392,0.7415238836,0.5394376251,0.6114998902
1.167167167,0.9658503905,0.9846384467,0.8177920838,0.7421642145,0.5400224368,0.6121753955
1.169169169,0.9659701582,0.9847408062,0.8182123983,0.7428026259,0.5406061599,0.6128494048
1.171171171,0.9660893762,0.9848424056,0.8186313883,0.7434391244,0.541188797,0.6135219217
1.173173173,0.9662080477,0.9849432513,0.819049059,0.7440737165,0.5417703507,0.61419295
1.175175175,0.9663261759,0.9850433494,0.8194654159,0.7447064086,0.5423508238,0.6148624936
1.177177177,0.9664437639,0.9851427059,0.8198804642,0.7453372073,0.5429302186,0.6155305561
1.179179179,0.9665608147,0.985241327,0.8202942093,0.745966119,0.543508538,0.6161971413
1.181181181,0.9666773314,0.9853392186,0.8207066564,0.74659315,0.5440857844,0.616862253
1.183183183,0.9667933171,0.9854363867,0.8211178107,0.747218307,0.5446619604,0.617525895
1.185185185,0.9669087748,0.9855328372,0.8215276775,0.7478415961,0.5452370687,0.6181880708
1.187187187,0.9670237076,0.9856285759,0.821936262,0.7484630237,0.5458111118,0.6188487843
1.189189189,0.9671381183,0.9857236086,0.8223435693,0.7490825963,0.5463840922,0.6195080391
1.191191191,0.96725201,0.9858179411,0.8227496045,0.74970032,0.5469560125,0.620165839
1.193193193,0.9673653856,0.985911579,0.8231543729,0.7503162013,0.5475268752,0.6208221877
1.195195195,0.9674782481,0.986004528,0.8235578794,0.7509302463,0.548096683,0.6214770887
1.197197197,0.9675906003,0.9860967937,0.8239601292,0.7515424613,0.5486654383,0.6221305459
1.199199199,0.9677024452,0.9861883815,0.8243611272,0.7521528526,0.5492331436,0.6227825628
1.201201201,0.9678137856,0.9862792971,0.8247608785,0.7527614263,0.5497998016,0.6234331431
1.203203203,0.9679246243,0.9863695458,0.8251593881,0.7533681886,0.5503654146,0.6240822906
1.205205205,0.9680349642,0.986459133,0.825556661,0.7539731457,0.5509299852,0.6247300087
1.207207207,0.9681448081,0.9865480641,0.825952702,0.7545763037,0.551493516,0.6253763012
1.209209209,0.9682541588,0.9866363444,0.8263475162,0.7551776687,0.5520560094,0.6260211716
1.211211211,0.9683630191,0.9867239791,0.8267411083,0.7557772469,0.5526174678,0.6266646236
1.213213213,0.9684713916,0.9868109734,0.8271334833,0.7563750442,0.5531778939,0.6273066608
1.215215215,0.9685792792,0.9868973325,0.827524646,0.7569710668,0.55373729,0.6279472868
1.217217217,0.9686866845,0.9869830615,0.8279146013,0.7575653207,0.5542956586,0.6285865052
1.219219219,0.9687936103,0.9870681655,0.8283033538,0.7581578119,0.5548530022,0.6292243195
1.221221221,0.9689000592,0.9871526495,0.8286909085,0.7587485463,0.5554093232,0.6298607333
1.223223223,0.9690060339,0.9872365184,0.82907727,0.75933753,0.5559646241,0.6304957502
1.225225225,0.969111537,0.9873197773,0.8294624431,0.7599247689,0.5565189073,0.6311293737
1.227227227,0.9692165712,0.9874024309,0.8298464325,0.7605102688,0.5570721753,0.6317616074
1.229229229,0.969321139,0.9874844843,0.8302292428,0.7610940358,0.5576244305,0.6323924548
1.231231231,0.9694252431,0.987565942,0.8306108788,0.7616760757,0.5581756752,0.6330219195
1.233233233,0.969528886,0.9876468091,0.830991345,0.7622563943,0.5587259121,0.6336500049
1.235235235,0.9696320702,0.98772709,0.8313706461,0.7628349975,0.5592751433,0.6342767146
1.237237237,0.9697347984,0.9878067896,0.8317487867,0.7634118911,0.5598233714,0.6349020521
1.239239239,0.969837073,0.9878859125,0.8321257713,0.7639870809,0.5603705986,0.6355260209
1.241241241,0.9699388965,0.9879644633,0.8325016045,0.7645605727,0.5609168276,0.6361486244
1.243243243,0.9700402715,0.9880424465,0.8328762907,0.7651323722,0.5614620605,0.6367698661
1.245245245,0.9701412003,0.9881198667,0.8332498346,0.7657024852,0.5620062997,0.6373897495
1.247247247,0.9702416855,0.9881967284,0.8336222406,0.7662709174,0.5625495478,0.6380082781
1.249249249,0.9703417295,0.9882730359,0.8339935131,0.7668376745,0.5630918069,0.6386254553
1.251251251,0.9704413347,0.9883487938,0.8343636566,0.7674027621,0.5636330795,0.6392412846
1.253253253,0.9705405035,0.9884240063,0.8347326755,0.767966186,0.5641733679,0.6398557693
1.255255255,0.9706392382,0.9884986778,0.8351005743,0.7685279517,0.5647126744,0.6404689129
1.257257257,0.9707375414,0.9885728126,0.8354673571,0.7690880648,0.5652510015,0.6410807189
1.259259259,0.9708354153,0.9886464149,0.8358330286,0.769646531,0.5657883513,0.6416911906
1.261261261,0.9709328622,0.988719489,0.8361975928,0.7702033558,0.5663247264,0.6423003314
1.263263263,0.9710298845,0.9887920391,0.8365610543,0.7707585448,0.5668601288,0.6429081447
1.265265265,0.9711264846,0.9888640692,0.8369234172,0.7713121035,0.5673945611,0.643514634
1.267267267,0.9712226646,0.9889355835,0.8372846858,0.7718640374,0.5679280254,0.6441198025
1.269269269,0.971318427,0.9890065861,0.8376448645,0.7724143521,0.5684605241,0.6447236536
1.271271271,0.9714137739,0.989077081,0.8380039573,0.7729630529,0.5689920595,0.6453261908
1.273273273,0.9715087075,0.9891470723,0.8383619686,0.7735101454,0.5695226338,0.6459274173
1.275275275,0.9716032303,0.9892165638,0.8387189025,0.774055635,0.5700522494,0.6465273365
1.277277277,0.9716973442,0.9892855595,0.8390747631,0.774599527,0.5705809084,0.6471259517
1.279279279,0.9717910517,0.9893540633,0.8394295547,0.775141827,0.5711086133,0.6477232662
1.281281281,0.9718843548,0.9894220792,0.8397832814,0.7756825402,0.5716353661,0.6483192834
1.283283283,0.9719772557,0.9894896108,0.8401359472,0.7762216721,0.5721611693,0.6489140066
1.285285285,0.9720697567,0.9895566621,0.8404875563,0.7767592279,0.572686025,0.649507439
1.287287287,0.9721618598,0.9896232368,0.8408381128,0.7772952129,0.5732099355,0.650099584
1.289289289,0.9722535672,0.9896893386,0.8411876206,0.7778296326,0.573732903,0.6506904448
1.291291291,0.972344881,0.9897549712,0.8415360838,0.7783624921,0.5742549298,0.6512800247
1.293293293,0.9724358033,0.9898201384,0.8418835065,0.7788937967,0.574776018,0.6518683269
1.295295295,0.9725263362,0.9898848437,0.8422298926,0.7794235517,0.5752961699,0.6524553548
1.297297297,0.9726164819,0.9899490907,0.8425752462,0.7799517622,0.5758153877,0.6530411116
1.299299299,0.9727062422,0.9900128831,0.842919571,0.7804784336,0.5763336737,0.6536256004
1.301301301,0.9727956195,0.9900762244,0.8432628712,0.7810035709,0.5768510299,0.6542088246
1.303303303,0.9728846155,0.9901391181,0.8436051507,0.7815271793,0.5773674586,0.6547907873
1.305305305,0.9729732325,0.9902015677,0.8439464132,0.782049264,0.577882962,0.6553714919
1.307307307,0.9730614724,0.9902635767,0.8442866628,0.7825698302,0.5783975423,0.6559509413
1.309309309,0.9731493371,0.9903251484,0.8446259032,0.7830888828,0.5789112016,0.656529139
1.311311311,0.9732368288,0.9903862863,0.8449641383,0.7836064271,0.5794239422,0.657106088
1.313313313,0.9733239493,0.9904469938,0.845301372,0.784122468,0.5799357661,0.6576817916
1.315315315,0.9734107007,0.9905072742,0.8456376081,0.7846370107,0.5804466755,0.6582562529
1.317317317,0.9734970849,0.9905671308,0.8459728503,0.7851500601,0.5809566726,0.658829475
1.319319319,0.9735831038,0.9906265669,0.8463071025,0.7856616214,0.5814657596,0.6594014612
1.321321321,0.9736687593,0.9906855858,0.8466403683,0.7861716994,0.5819739385,0.6599722146
1.323323323,0.9737540534,0.9907441907,0.8469726516,0.7866802992,0.5824812115,0.6605417383
1.325325325,0.973838988,0.9908023847,0.847303956,0.7871874257,0.5829875808,0.6611100354
1.327327327,0.9739235649,0.9908601712,0.8476342853,0.7876930839,0.5834930484,0.6616771091
1.329329329,0.9740077861,0.9909175531,0.8479636432,0.7881972787,0.5839976164,0.6622429625
1.331331331,0.9740916534,0.9909745338,0.8482920332,0.7887000151,0.5845012871,0.6628075987
1.333333333,0.9741751687,0.9910311161,0.8486194592,0.7892012978,0.5850040624,0.6633710208
1.335335335,0.9742583337,0.9910873033,0.8489459246,0.7897011318,0.5855059445,0.6639332319
1.337337337,0.9743411504,0.9911430983,0.8492714332,0.790199522,0.5860069355,0.664494235
1.339339339,0.9744236205,0.9911985042,0.8495959885,0.7906964731,0.5865070374,0.6650540333
1.341341341,0.9745057459,0.991253524,0.8499195941,0.7911919901,0.5870062524,0.6656126298
1.343343343,0.9745875284,0.9913081606,0.8502422536,0.7916860776,0.5875045825,0.6661700275
1.345345345,0.9746689697,0.9913624171,0.8505639706,0.7921787405,0.5880020297,0.6667262296
1.347347347,0.9747500716,0.9914162962,0.8508847485,0.7926699836,0.5884985962,0.667281239
1.349349349,0.9748308359,0.9914698009,0.851204591,0.7931598116,0.5889942841,0.6678350588
1.351351351,0.9749112643,0.9915229341,0.8515235015,0.7936482292,0.5894890953,0.668387692
1.353353353,0.9749913586,0.9915756986,0.8518414834,0.7941352412,0.5899830318,0.6689391416
1.355355355,0.9750711205,0.9916280972,0.8521585403,0.7946208522,0.5904760959,0.6694894107
1.357357357,0.9751505518,0.9916801328,0.8524746757,0.795105067,0.5909682894,0.6700385022
1.359359359,0.975229654,0.9917318081,0.8527898929,0.7955878902,0.5914596144,0.6705864191
1.361361361,0.975308429,0.9917831259,0.8531041954,0.7960693264,0.591950073,0.6711331644
1.363363363,0.9753868784,0.9918340888,0.8534175866,0.7965493803,0.5924396671,0.6716787412
1.365365365,0.9754650039,0.9918846997,0.85373007,0.7970280565,0.5929283988,0.6722231523
1.367367367,0.9755428072,0.9919349611,0.8540416487,0.7975053596,0.59341627,0.6727664007
1.369369369,0.9756202898,0.9919848758,0.8543523264,0.7979812941,0.5939032829,0.6733084895
1.371371371,0.9756974536,0.9920344464,0.8546621062,0.7984558647,0.5943894393,0.6738494214
1.373373373,0.9757743,0.9920836754,0.8549709915,0.7989290759,0.5948747413,0.6743891995
1.375375375,0.9758508307,0.9921325656,0.8552789856,0.7994009322,0.5953591908,0.6749278267
1.377377377,0.9759270474,0.9921811195,0.8555860919,0.7998714381,0.5958427898,0.6754653059
1.379379379,0.9760029517,0.9922293395,0.8558923136,0.8003405981,0.5963255404,0.67600164
1.381381381,0.976078545,0.9922772284,0.856197654,0.8008084168,0.5968074444,0.676536832
1.383383383,0.9761538291,0.9923247885,0.8565021164,0.8012748985,0.5972885039,0.6770708847
1.385385385,0.9762288055,0.9923720223,0.8568057039,0.8017400478,0.5977687207,0.6776038011
1.387387387,0.9763034758,0.9924189324,0.8571084199,0.802203869,0.5982480969,0.6781355839
1.389389389,0.9763778415,0.9924655211,0.8574102675,0.8026663665,0.5987266344,0.6786662361
1.391391391,0.9764519041,0.992511791,0.8577112499,0.8031275449,0.5992043352,0.6791957606
1.393393393,0.9765256653,0.9925577444,0.8580113703,0.8035874083,0.5996812011,0.6797241602
1.395395395,0.9765991265,0.9926033836,0.8583106319,0.8040459614,0.6001572341,0.6802514377
1.397397397,0.9766722892,0.9926487112,0.8586090379,0.8045032082,0.6006324361,0.680777596
1.399399399,0.976745155,0.9926937293,0.8589065913,0.8049591533,0.6011068091,0.681302638
1.401401401,0.9768177254,0.9927384404,0.8592032953,0.8054138009,0.6015803549,0.6818265665
1.403403403,0.9768900018,0.9927828468,0.8594991531,0.8058671554,0.6020530755,0.6823493842
1.405405405,0.9769619858,0.9928269507,0.8597941677,0.806319221,0.6025249728,0.6828710941
1.407407407,0.9770336788,0.9928707544,0.8600883421,0.8067700019,0.6029960487,0.6833916988
1.409409409,0.9771050823,0.9929142603,0.8603816795,0.8072195026,0.603466305,0.6839112013
1.411411411,0.9771761977,0.9929574704,0.860674183,0.8076677271,0.6039357438,0.6844296043
1.413413413,0.9772470264,0.993000387,0.8609658555,0.8081146797,0.6044043667,0.6849469106
1.415415415,0.97731757,0.9930430124,0.8612567001,0.8085603647,0.6048721758,0.6854631229
1.417417417,0.9773878299,0.9930853487,0.8615467199,0.8090047862,0.6053391728,0.685978244
1.419419419,0.9774578074,0.9931273981,0.8618359177,0.8094479484,0.6058053598,0.6864922768
1.421421421,0.9775275039,0.9931691627,0.8621242967,0.8098898554,0.6062707384,0.6870052239
1.423423423,0.977596921,0.9932106446,0.8624118597,0.8103305115,0.6067353107,0.687517088
1.425425425,0.9776660599,0.993251846,0.8626986098,0.8107699208,0.6071990783,0.688027872
1.427427427,0.9777349221,0.9932927689,0.8629845499,0.8112080873,0.6076620433,0.6885375786
1.429429429,0.9778035089,0.9933334155,0.8632696829,0.8116450153,0.6081242074,0.6890462104
1.431431431,0.9778718218,0.9933737878,0.8635540117,0.8120807086,0.6085855724,0.6895537703
1.433433433,0.977939862,0.9934138878,0.8638375393,0.8125151716,0.6090461403,0.6900602608
1.435435435,0.9780076309,0.9934537175,0.8641202686,0.8129484081,0.6095059127,0.6905656847
1.437437437,0.9780751299,0.993493279,0.8644022024,0.8133804223,0.6099648916,0.6910700448
1.439439439,0.9781423603,0.9935325743,0.8646833436,0.8138112182,0.6104230788,0.6915733436
1.441441441,0.9782093235,0.9935716053,0.8649636951,0.8142407997,0.610880476,0.6920755839
1.443443443,0.9782760207,0.993610374,0.8652432597,0.814669171,0.6113370852,0.6925767683
1.445445445,0.9783424532,0.9936488823,0.8655220402,0.8150963359,0.611792908,0.6930768995
1.447447447,0.9784086225,0.9936871322,0.8658000395,0.8155222985,0.6122479463,0.6935759802
1.449449449,0.9784745297,0.9937251256,0.8660772604,0.8159470627,0.6127022018,0.694074013
1.451451451,0.9785401762,0.9937628643,0.8663537057,0.8163706325,0.6131556765,0.6945710005
1.453453453,0.9786055633,0.9938003504,0.8666293781,0.8167930117,0.6136083719,0.6950669454
1.455455455,0.9786706921,0.9938375855,0.8669042805,0.8172142044,0.61406029,0.6955618503
1.457457457,0.9787355641,0.9938745717,0.8671784155,0.8176342143,0.6145114325,0.6960557179
1.459459459,0.9788001804,0.9939113106,0.867451786,0.8180530454,0.6149618011,0.6965485507
1.461461461,0.9788645423,0.9939478042,0.8677243946,0.8184707016,0.6154113977,0.6970403514
1.463463463,0.9789286511,0.9939840543,0.8679962441,0.8188871867,0.6158602239,0.6975311225
1.465465465,0.978992508,0.9940200626,0.8682673372,0.8193025045,0.6163082816,0.6980208666
1.467467467,0.9790561141,0.9940558309,0.8685376766,0.8197166589,0.6167555724,0.6985095864
1.469469469,0.9791194708,0.9940913611,0.8688072651,0.8201296537,0.6172020982,0.6989972844
1.471471471,0.9791825793,0.9941266547,0.8690761051,0.8205414927,0.6176478606,0.6994839632
1.473473473,0.9792454407,0.9941617136,0.8693441995,0.8209521797,0.6180928614,0.6999696253
1.475475475,0.9793080563,0.9941965396,0.8696115509,0.8213617184,0.6185371024,0.7004542733
1.477477477,0.9793704273,0.9942311342,0.8698781618,0.8217701127,0.6189805852,0.7009379097
1.479479479,0.9794325548,0.9942654992,0.8701440351,0.8221773662,0.6194233116,0.7014205372
1.481481481,0.9794944401,0.9942996363,0.8704091731,0.8225834827,0.6198652832,0.7019021581
1.483483483,0.9795560842,0.9943335472,0.8706735787,0.822988466,0.6203065019,0.7023827752
1.485485485,0.9796174884,0.9943672335,0.8709372543,0.8233923196,0.6207469692,0.7028623908
1.487487487,0.9796786539,0.9944006968,0.8712002025,0.8237950474,0.621186687,0.7033410074
1.489489489,0.9797395817,0.9944339388,0.871462426,0.8241966529,0.6216256568,0.7038186277
1.491491491,0.9798002731,0.994466961,0.8717239273,0.8245971399,0.6220638805,0.7042952541
1.493493493,0.9798607292,0.9944997652,0.8719847088,0.824996512,0.6225013596,0.7047708891
1.495495495,0.979920951,0.9945323528,0.8722447733,0.8253947729,0.6229380958,0.7052455351
1.497497497,0.9799809398,0.9945647255,0.8725041231,0.8257919261,0.6233740909,0.7057191947
1.499499499,0.9800406966,0.9945968849,0.8727627608,0.8261879753,0.6238093465,0.7061918704
1.501501502,0.9801002227,0.9946288323,0.873020689,0.8265829241,0.6242438643,0.7066635645
1.503503504,0.9801595189,0.9946605695,0.87327791,0.826976776,0.6246776459,0.7071342796
1.505505506,0.9802185866,0.994692098,0.8735344265,0.8273695347,0.6251106931,0.7076040181
1.507507508,0.9802774267,0.9947234192,0.8737902408,0.8277612037,0.6255430073,0.7080727825
1.50950951,0.9803360404,0.9947545346,0.8740453554,0.8281517865,0.6259745904,0.7085405752
1.511511512,0.9803944288,0.9947854458,0.8742997729,0.8285412866,0.6264054439,0.7090073986
1.513513514,0.9804525928,0.9948161542,0.8745534955,0.8289297077,0.6268355695,0.7094732551
1.515515516,0.9805105337,0.9948466614,0.8748065258,0.8293170532,0.6272649689,0.7099381473
1.517517518,0.9805682524,0.9948769686,0.8750588662,0.8297033266,0.6276936436,0.7104020774
1.51951952,0.98062575,0.9949070775,0.875310519,0.8300885313,0.6281215953,0.7108650479
1.521521522,0.9806830276,0.9949369894,0.8755614868,0.8304726709,0.6285488256,0.7113270612
1.523523524,0.9807400861,0.9949667057,0.8758117718,0.8308557489,0.6289753361,0.7117881196
1.525525526,0.9807969268,0.9949962279,0.8760613765,0.8312377685,0.6294011284,0.7122482257
1.527527528,0.9808535505,0.9950255574,0.8763103031,0.8316187334,0.6298262042,0.7127073817
1.52952953,0.9809099583,0.9950546955,0.8765585542,0.8319986468,0.6302505651,0.71316559
1.531531532,0.9809661512,0.9950836436,0.876806132,0.8323775123,0.6306742126,0.713622853
1.533533534,0.9810221303,0.9951124031,0.8770530389,0.8327553331,0.6310971484,0.714079173
1.535535536,0.9810778965,0.9951409754,0.8772992771,0.8331321128,0.631519374,0.7145345524
1.537537538,0.9811334509,0.9951693617,0.8775448491,0.8335078546,0.6319408911,0.7149889936
1.53953954,0.9811887945,0.9951975635,0.8777897571,0.8338825619,0.6323617012,0.7154424989
1.541541542,0.9812439282,0.995225582,0.8780340034,0.834256238,0.6327818059,0.7158950706
1.543543544,0.9812988531,0.9952534186,0.8782775903,0.8346288864,0.6332012067,0.716346711
1.545545546,0.98135357,0.9952810746,0.8785205201,0.8350005103,0.6336199053,0.7167974225
1.547547548,0.9814080801,0.9953085512,0.8787627951,0.835371113,0.6340379032,0.7172472073
1.54954955,0.9814623843,0.9953358497,0.8790044175,0.8357406978,0.634455202,0.7176960679
1.551551552,0.9815164834,0.9953629715,0.8792453896,0.836109268,0.6348718032,0.7181440064
1.553553554,0.9815703786,0.9953899178,0.8794857136,0.8364768269,0.6352877084,0.7185910252
1.555555556,0.9816240707,0.9954166898,0.8797253917,0.8368433778,0.6357029191,0.7190371266
1.557557558,0.9816775607,0.9954432887,0.8799644262,0.8372089238,0.6361174369,0.7194823129
1.55955956,0.9817308496,0.9954697159,0.8802028193,0.8375734683,0.6365312633,0.7199265862
1.561561562,0.9817839382,0.9954959725,0.8804405731,0.8379370144,0.6369443999,0.720369949
1.563563564,0.9818368276,0.9955220597,0.88067769,0.8382995654,0.6373568482,0.7208124034
1.565565566,0.9818895186,0.9955479788,0.880914172,0.8386611244,0.6377686097,0.7212539517
1.567567568,0.9819420121,0.995573731,0.8811500213,0.8390216947,0.6381796859,0.7216945962
1.56956957,0.9819943091,0.9955993173,0.8813852402,0.8393812795,0.6385900784,0.7221343391
1.571571572,0.9820464106,0.9956247391,0.8816198307,0.8397398819,0.6389997886,0.7225731827
1.573573574,0.9820983173,0.9956499975,0.881853795,0.840097505,0.6394088182,0.7230111291
1.575575576,0.9821500302,0.9956750936,0.8820871353,0.8404541521,0.6398171685,0.7234481806
1.577577578,0.9822015503,0.9957000286,0.8823198536,0.8408098261,0.6402248412,0.7238843395
1.57957958,0.9822528783,0.9957248036,0.8825519522,0.8411645304,0.6406318376,0.7243196079
1.581581582,0.9823040152,0.9957494198,0.882783433,0.841518268,0.6410381594,0.724753988
1.583583584,0.9823549619,0.9957738783,0.8830142983,0.8418710419,0.6414438079,0.7251874821
1.585585586,0.9824057192,0.9957981801,0.8832445501,0.8422228553,0.6418487847,0.7256200923
1.587587588,0.982456288,0.9958223265,0.8834741905,0.8425737112,0.6422530913,0.7260518208
1.58958959,0.9825066692,0.9958463184,0.8837032216,0.8429236128,0.6426567291,0.7264826698
1.591591592,0.9825568637,0.9958701571,0.8839316454,0.843272563,0.6430596996,0.7269126416
1.593593594,0.9826068722,0.9958938435,0.884159464,0.8436205649,0.6434620043,0.7273417381
1.595595596,0.9826566957,0.9959173788,0.8843866795,0.8439676216,0.6438636447,0.7277699617
1.597597598,0.982706335,0.995940764,0.8846132939,0.844313736,0.6442646221,0.7281973145
1.5995996,0.982755791,0.9959640001,0.8848393092,0.8446589112,0.6446649382,0.7286237986
1.601601602,0.9828050644,0.9959870883,0.8850647275,0.8450031502,0.6450645943,0.7290494162
1.603603604,0.9828541562,0.9960100295,0.8852895508,0.845346456,0.6454635918,0.7294741694
1.605605606,0.9829030671,0.9960328248,0.885513781,0.8456888315,0.6458619323,0.7298980603
1.607607608,0.9829517981,0.9960554752,0.8857374202,0.8460302798,0.6462596172,0.7303210912
1.60960961,0.9830003498,0.9960779817,0.8859604704,0.8463708037,0.6466566478,0.730743264
1.611611612,0.9830487231,0.9961003453,0.8861829336,0.8467104062,0.6470530258,0.7311645809
1.613613614,0.9830969188,0.9961225671,0.8864048117,0.8470490903,0.6474487524,0.7315850441
1.615615616,0.9831449378,0.996144648,0.8866261068,0.8473868589,0.6478438291,0.7320046556
1.617617618,0.9831927809,0.996166589,0.8868468207,0.8477237149,0.6482382573,0.7324234175
1.61961962,0.9832404487,0.9961883911,0.8870669554,0.8480596612,0.6486320385,0.7328413319
1.621621622,0.9832879422,0.9962100552,0.8872865129,0.8483947007,0.6490251741,0.733258401
1.623623624,0.9833352622,0.9962315824,0.887505495,0.8487288362,0.6494176655,0.7336746267
1.625625626,0.9833824093,0.9962529735,0.8877239039,0.8490620707,0.649809514,0.7340900113
1.627627628,0.9834293844,0.9962742296,0.8879417412,0.8493944071,0.6502007212,0.7345045566
1.62962963,0.9834761883,0.9962953515,0.888159009,0.8497258481,0.6505912883,0.7349182649
1.631631632,0.9835228218,0.9963163402,0.8883757092,0.8500563966,0.6509812168,0.7353311381
1.633633634,0.9835692855,0.9963371967,0.8885918437,0.8503860555,0.6513705082,0.7357431783
1.635635636,0.9836155804,0.9963579218,0.8888074143,0.8507148275,0.6517591637,0.7361543875
1.637637638,0.983661707,0.9963785164,0.8890224229,0.8510427155,0.6521471848,0.7365647679
1.63963964,0.9837076663,0.9963989815,0.8892368714,0.8513697224,0.6525345728,0.7369743214
1.641641642,0.9837534589,0.9964193179,0.8894507617,0.8516958507,0.6529213292,0.7373830501
1.643643644,0.9837990856,0.9964395266,0.8896640956,0.8520211035,0.6533074552,0.7377909559
1.645645646,0.9838445471,0.9964596085,0.889876875,0.8523454833,0.6536929524,0.738198041
1.647647648,0.9838898443,0.9964795643,0.8900891018,0.8526689931,0.6540778219,0.7386043073
1.64964965,0.9839349777,0.9964993951,0.8903007776,0.8529916355,0.6544620653,0.7390097568
1.651651652,0.9839799482,0.9965191016,0.8905119045,0.8533134133,0.6548456839,0.7394143915
1.653653654,0.9840247564,0.9965386846,0.8907224841,0.8536343292,0.655228679,0.7398182134
1.655655656,0.9840694032,0.9965581452,0.8909325184,0.8539543859,0.655611052,0.7402212246
1.657657658,0.9841138892,0.9965774841,0.8911420091,0.8542735862,0.6559928042,0.7406234269
1.65965966,0.9841582151,0.9965967021,0.891350958,0.8545919327,0.6563739369,0.7410248225
1.661661662,0.9842023817,0.9966158001,0.8915593669,0.8549094282,0.6567544516,0.7414254131
1.663663664,0.9842463896,0.9966347789,0.8917672376,0.8552260754,0.6571343496,0.7418252009
1.665665666,0.9842902396,0.9966536393,0.8919745719,0.8555418768,0.6575136321,0.7422241878
1.667667668,0.9843339324,0.9966723821,0.8921813715,0.8558568352,0.6578923006,0.7426223757
1.66966967,0.9843774686,0.9966910082,0.8923876382,0.8561709532,0.6582703563,0.7430197666
1.671671672,0.984420849,0.9967095184,0.8925933737,0.8564842335,0.6586478006,0.7434163625
1.673673674,0.9844640743,0.9967279134,0.8927985799,0.8567966787,0.6590246347,0.7438121652
1.675675676,0.984507145,0.996746194,0.8930032584,0.8571082915,0.6594008601,0.7442071767
1.677677678,0.9845500621,0.9967643611,0.893207411,0.8574190744,0.6597764781,0.744601399
1.67967968,0.984592826,0.9967824154,0.8934110393,0.8577290301,0.6601514898,0.7449948339
1.681681682,0.9846354374,0.9968003576,0.8936141452,0.8580381611,0.6605258968,0.7453874835
1.683683684,0.9846778972,0.9968181885,0.8938167304,0.85834647,0.6608997001,0.7457793495
1.685685686,0.9847202058,0.996835909,0.8940187964,0.8586539595,0.6612729012,0.746170434
1.687687688,0.9847623641,0.9968535197,0.8942203452,0.8589606321,0.6616455014,0.7465607387
1.68968969,0.9848043725,0.9968710214,0.8944213782,0.8592664904,0.6620175019,0.7469502657
1.691691692,0.9848462319,0.9968884149,0.8946218973,0.8595715368,0.662388904,0.7473390167
1.693693694,0.9848879428,0.9969057009,0.894821904,0.8598757741,0.6627597091,0.7477269938
1.695695696,0.984929506,0.99692288,0.8950214001,0.8601792046,0.6631299183,0.7481141988
1.697697698,0.984970922,0.9969399531,0.8952203873,0.8604818309,0.663499533,0.7485006334
1.6996997,0.9850121915,0.9969569209,0.8954188671,0.8607836556,0.6638685545,0.7488862998
1.701701702,0.9850533151,0.9969737841,0.8956168413,0.8610846811,0.664236984,0.7492711996
1.703703704,0.9850942935,0.9969905433,0.8958143115,0.8613849099,0.6646048228,0.7496553347
1.705705706,0.9851351274,0.9970071994,0.8960112793,0.8616843446,0.6649720721,0.7500387071
1.707707708,0.9851758173,0.9970237529,0.8962077463,0.8619829876,0.6653387333,0.7504213185
1.70970971,0.9852163638,0.9970402047,0.8964037143,0.8622808414,0.6657048076,0.7508031708
1.711711712,0.9852567677,0.9970565553,0.8965991847,0.8625779084,0.6660702962,0.7511842659
1.713713714,0.9852970294,0.9970728056,0.8967941593,0.8628741911,0.6664352004,0.7515646056
1.715715716,0.9853371498,0.997088956,0.8969886395,0.863169692,0.6667995214,0.7519441916
1.717717718,0.9853771292,0.9971050074,0.8971826272,0.8634644134,0.6671632605,0.7523230259
1.71971972,0.9854169684,0.9971209604,0.8973761237,0.8637583579,0.667526419,0.7527011103
1.721721722,0.985456668,0.9971368157,0.8975691307,0.8640515277,0.667888998,0.7530784466
1.723723724,0.9854962286,0.9971525739,0.8977616498,0.8643439255,0.6682509988,0.7534550365
1.725725726,0.9855356507,0.9971682356,0.8979536826,0.8646355534,0.6686124227,0.7538308819
1.727727728,0.9855749351,0.9971838016,0.8981452305,0.8649264141,0.6689732708,0.7542059846
1.72972973,0.9856140822,0.9971992725,0.8983362953,0.8652165097,0.6693335444,0.7545803464
1.731731732,0.9856530926,0.9972146488,0.8985268784,0.8655058427,0.6696932447,0.754953969
1.733733734,0.985691967,0.9972299314,0.8987169815,0.8657944155,0.670052373,0.7553268544
1.735735736,0.985730706,0.9972451207,0.8989066059,0.8660822305,0.6704109304,0.7556990041
1.737737738,0.9857693101,0.9972602174,0.8990957533,0.8663692899,0.6707689182,0.7560704201
1.73973974,0.9858077799,0.9972752221,0.8992844253,0.8666555961,0.6711263376,0.7564411041
1.741741742,0.9858461159,0.9972901356,0.8994726233,0.8669411516,0.6714831897,0.7568110578
1.743743744,0.9858843189,0.9973049582,0.8996603488,0.8672259585,0.6718394759,0.7571802831
1.745745746,0.9859223892,0.9973196908,0.8998476034,0.8675100192,0.6721951972,0.7575487816
1.747747748,0.9859603276,0.9973343338,0.9000343885,0.867793336,0.6725503549,0.7579165551
1.74974975,0.9859981345,0.9973488879,0.9002207058,0.8680759112,0.6729049502,0.7582836054
1.751751752,0.9860358106,0.9973633536,0.9004065566,0.8683577472,0.6732589842,0.7586499342
1.753753754,0.9860733563,0.9973777316,0.9005919425,0.8686388462,0.6736124582,0.7590155433
1.755755756,0.9861107723,0.9973920225,0.9007768649,0.8689192104,0.6739653733,0.7593804343
1.757757758,0.9861480591,0.9974062268,0.9009613253,0.8691988422,0.6743177308,0.759744609
1.75975976,0.9861852172,0.9974203451,0.9011453253,0.8694777438,0.6746695318,0.7601080692
1.761761762,0.9862222472,0.997434378,0.9013288662,0.8697559175,0.6750207774,0.7604708165
1.763763764,0.9862591497,0.9974483261,0.9015119495,0.8700333655,0.6753714689,0.7608328526
1.765765766,0.9862959251,0.9974621898,0.9016945767,0.8703100901,0.6757216075,0.7611941793
1.767767768,0.9863325741,0.9974759699,0.9018767493,0.8705860934,0.6760711942,0.7615547983
1.76976977,0.9863690972,0.9974896668,0.9020584686,0.8708613777,0.6764202302,0.7619147113
1.771771772,0.9864054948,0.997503281,0.9022397361,0.8711359453,0.6767687168,0.7622739199
1.773773774,0.9864417676,0.9975168132,0.9024205533,0.8714097983,0.677116655,0.7626324258
1.775775776,0.986477916,0.9975302639,0.9026009215,0.8716829389,0.6774640461,0.7629902308
1.777777778,0.9865139406,0.9975436336,0.9027808423,0.8719553693,0.6778108911,0.7633473365
1.77977978,0.9865498419,0.9975569229,0.9029603169,0.8722270918,0.6781571913,0.7637037445
1.781781782,0.9865856205,0.9975701323,0.9031393469,0.8724981084,0.6785029477,0.7640594567
1.783783784,0.9866212768,0.9975832623,0.9033179336,0.8727684213,0.6788481615,0.7644144745
1.785785786,0.9866568114,0.9975963135,0.9034960784,0.8730380328,0.6791928339,0.7647687998
1.787787788,0.9866922248,0.9976092863,0.9036737827,0.8733069449,0.6795369659,0.765122434
1.78978979,0.9867275174,0.9976221813,0.903851048,0.8735751599,0.6798805588,0.765475379
1.791791792,0.9867626898,0.9976349991,0.9040278755,0.8738426798,0.6802236136,0.7658276363
1.793793794,0.9867977426,0.99764774,0.9042042668,0.8741095067,0.6805661315,0.7661792076
1.795795796,0.9868326762,0.9976604047,0.904380223,0.8743756429,0.6809081136,0.7665300945
1.797797798,0.986867491,0.9976729936,0.9045557457,0.8746410904,0.681249561,0.7668802986
1.7997998,0.9869021877,0.9976855072,0.9047308361,0.8749058512,0.6815904748,0.7672298217
1.801801802,0.9869367667,0.9976979461,0.9049054957,0.8751699277,0.6819308562,0.7675786652
1.803803804,0.9869712284,0.9977103106,0.9050797257,0.8754333217,0.6822707063,0.7679268309
1.805805806,0.9870055735,0.9977226014,0.9052535276,0.8756960355,0.6826100261,0.7682743203
1.807807808,0.9870398023,0.9977348189,0.9054269027,0.875958071,0.6829488168,0.768621135
1.80980981,0.9870739154,0.9977469635,0.9055998522,0.8762194304,0.6832870795,0.7689672768
1.811811812,0.9871079132,0.9977590358,0.9057723776,0.8764801157,0.6836248153,0.7693127471
1.813813814,0.9871417962,0.9977710362,0.9059444802,0.876740129,0.6839620253,0.7696575475
1.815815816,0.987175565,0.9977829652,0.9061161613,0.8769994723,0.6842987105,0.7700016797
1.817817818,0.9872092199,0.9977948233,0.9062874221,0.8772581477,0.6846348722,0.7703451453
1.81981982,0.9872427615,0.9978066109,0.9064582641,0.8775161572,0.6849705113,0.7706879457
1.821821822,0.9872761902,0.9978183284,0.9066286884,0.8777735028,0.6853056289,0.7710300827
1.823823824,0.9873095064,0.9978299765,0.9067986965,0.8780301866,0.6856402262,0.7713715578
1.825825826,0.9873427108,0.9978415554,0.9069682897,0.8782862106,0.6859743042,0.7717123725
1.827827828,0.9873758036,0.9978530657,0.9071374691,0.8785415767,0.686307864,0.7720525285
1.82982983,0.9874087855,0.9978645078,0.9073062361,0.878796287,0.6866409066,0.7723920272
1.831831832,0.9874416568,0.9978758822,0.907474592,0.8790503435,0.6869734332,0.7727308703
1.833833834,0.9874744179,0.9978871893,0.907642538,0.8793037482,0.6873054448,0.7730690593
1.835835836,0.9875070695,0.9978984294,0.9078100755,0.879556503,0.6876369425,0.7734065957
1.837837838,0.9875396118,0.9979096032,0.9079772056,0.8798086099,0.6879679274,0.7737434812
1.83983984,0.9875720454,0.9979207109,0.9081439297,0.8800600709,0.6882984004,0.7740797171
1.841841842,0.9876043708,0.9979317531,0.908310249,0.8803108879,0.6886283627,0.7744153052
1.843843844,0.9876365882,0.9979427302,0.9084761647,0.8805610629,0.6889578154,0.7747502468
1.845845846,0.9876686983,0.9979536425,0.9086416782,0.8808105979,0.6892867594,0.7750845436
1.847847848,0.9877007014,0.9979644905,0.9088067906,0.8810594947,0.6896151958,0.7754181971
1.84984985,0.987732598,0.9979752746,0.9089715032,0.8813077554,0.6899431257,0.7757512087
1.851851852,0.9877643885,0.9979859953,0.9091358172,0.8815553817,0.6902705502,0.7760835801
1.853853854,0.9877960733,0.9979966529,0.9092997339,0.8818023758,0.6905974702,0.7764153126
1.855855856,0.987827653,0.9980072479,0.9094632544,0.8820487394,0.6909238868,0.7767464079
1.857857858,0.9878591278,0.9980177806,0.90962638,0.8822944744,0.691249801,0.7770768674
1.85985986,0.9878904983,0.9980282515,0.909789112,0.8825395829,0.6915752139,0.7774066926
1.861861862,0.9879217649,0.9980386609,0.9099514514,0.8827840666,0.6919001266,0.7777358851
1.863863864,0.9879529279,0.9980490093,0.9101133996,0.8830279274,0.6922245399,0.7780644462
1.865865866,0.9879839879,0.9980592971,0.9102749577,0.8832711673,0.6925484551,0.7783923776
1.867867868,0.9880149452,0.9980695246,0.9104361269,0.883513788,0.692871873,0.7787196806
1.86986987,0.9880458003,0.9980796922,0.9105969085,0.8837557916,0.6931947947,0.7790463568
1.871871872,0.9880765536,0.9980898004,0.9107573035,0.8839971797,0.6935172213,0.7793724077
1.873873874,0.9881072054,0.9980998494,0.9109173132,0.8842379544,0.6938391537,0.7796978346
1.875875876,0.9881377563,0.9981098397,0.9110769388,0.8844781173,0.6941605929,0.7800226391
1.877877878,0.9881682065,0.9981197717,0.9112361814,0.8847176705,0.6944815401,0.7803468227
1.87987988,0.9881985566,0.9981296458,0.9113950422,0.8849566156,0.6948019961,0.7806703867
1.881881882,0.9882288069,0.9981394622,0.9115535224,0.8851949545,0.695121962,0.7809933328
1.883883884,0.9882589578,0.9981492215,0.9117116231,0.8854326892,0.6954414388,0.7813156622
1.885885886,0.9882890098,0.9981589238,0.9118693456,0.8856698212,0.6957604275,0.7816373764
1.887887888,0.9883189632,0.9981685697,0.9120266908,0.8859063526,0.696078929,0.781958477
1.88988989,0.9883488184,0.9981781595,0.9121836601,0.886142285,0.6963969445,0.7822789653
1.891891892,0.9883785759,0.9981876935,0.9123402545,0.8863776203,0.6967144748,0.7825988428
1.893893894,0.9884082359,0.9981971721,0.9124964751,0.8866123603,0.697031521,0.7829181108
1.895895896,0.988437799,0.9982065956,0.9126523232,0.8868465067,0.697348084,0.7832367709
1.897897898,0.9884672655,0.9982159644,0.9128077998,0.8870800613,0.6976641649,0.7835548245
1.8998999,0.9884966358,0.9982252789,0.9129629061,0.8873130259,0.6979797646,0.7838722729
1.901901902,0.9885259103,0.9982345394,0.9131176432,0.8875454023,0.6982948841,0.7841891176
1.903903904,0.9885550894,0.9982437462,0.9132720121,0.8877771923,0.6986095244,0.78450536
1.905905906,0.9885841734,0.9982528997,0.9134260141,0.8880083975,0.6989236865,0.7848210016
1.907907908,0.9886131627,0.9982620002,0.9135796503,0.8882390197,0.6992373713,0.7851360436
1.90990991,0.9886420578,0.9982710481,0.9137329217,0.8884690607,0.6995505797,0.7854504875
1.911911912,0.9886708589,0.9982800437,0.9138858294,0.8886985222,0.6998633129,0.7857643348
1.913913914,0.9886995666,0.9982889873,0.9140383746,0.8889274059,0.7001755717,0.7860775868
1.915915916,0.988728181,0.9982978793,0.9141905583,0.8891557136,0.7004873571,0.7863902448
1.917917918,0.9887567027,0.9983067199,0.9143423816,0.889383447,0.70079867,0.7867023104
1.91991992,0.988785132,0.9983155096,0.9144938456,0.8896106077,0.7011095115,0.7870137847
1.921921922,0.9888134692,0.9983242486,0.9146449515,0.8898371976,0.7014198824,0.7873246694
1.923923924,0.9888417147,0.9983329373,0.9147957002,0.8900632182,0.7017297838,0.7876349656
1.925925926,0.9888698689,0.998341576,0.9149460928,0.8902886713,0.7020392166,0.7879446748
1.927927928,0.9888979322,0.9983501649,0.9150961305,0.8905135586,0.7023481816,0.7882537984
1.92992993,0.9889259049,0.9983587045,0.9152458142,0.8907378818,0.70265668,0.7885623377
1.931931932,0.9889537874,0.998367195,0.9153951451,0.8909616425,0.7029647126,0.788870294
1.933933934,0.98898158,0.9983756367,0.9155441242,0.8911848424,0.7032722803,0.7891776688
1.935935936,0.989009283,0.99838403,0.9156927525,0.8914074832,0.7035793841,0.7894844634
1.937937938,0.989036897,0.9983923751,0.9158410312,0.8916295665,0.703886025,0.789790679
1.93993994,0.9890644221,0.9984006724,0.9159889612,0.891851094,0.7041922038,0.7900963172
1.941941942,0.9890918588,0.9984089221,0.9161365436,0.8920720674,0.7044979215,0.7904013792
1.943943944,0.9891192073,0.9984171246,0.9162837794,0.8922924882,0.7048031791,0.7907058663
1.945945946,0.9891464682,0.9984252802,0.9164306697,0.8925123582,0.7051079774,0.7910097798
1.947947948,0.9891736416,0.9984333891,0.9165772155,0.8927316789,0.7054123174,0.7913131212
1.94994995,0.9892007279,0.9984414516,0.9167234179,0.892950452,0.7057162,0.7916158918
1.951951952,0.9892277276,0.9984494681,0.9168692778,0.893168679,0.7060196261,0.7919180928
1.953953954,0.9892546409,0.9984574388,0.9170147962,0.8933863617,0.7063225967,0.7922197255
1.955955956,0.9892814681,0.998465364,0.9171599743,0.8936035016,0.7066251126,0.7925207914
1.957957958,0.9893082096,0.998473244,0.9173048129,0.8938201004,0.7069271749,0.7928212917
1.95995996,0.9893348658,0.9984810791,0.9174493132,0.8940361596,0.7072287842,0.7931212277
1.961961962,0.989361437,0.9984888696,0.9175934761,0.8942516808,0.7075299417,0.7934206007
1.963963964,0.9893879234,0.9984966157,0.9177373026,0.8944666656,0.7078306482,0.793719412
1.965965966,0.9894143255,0.9985043178,0.9178807937,0.8946811156,0.7081309046,0.7940176629
1.967967968,0.9894406436,0.998511976,0.9180239504,0.8948950323,0.7084307118,0.7943153548
1.96996997,0.989466878,0.9985195908,0.9181667737,0.8951084174,0.7087300707,0.7946124889
1.971971972,0.989493029,0.9985271622,0.9183092647,0.8953212724,0.7090289822,0.7949090664
1.973973974,0.989519097,0.9985346907,0.9184514241,0.8955335989,0.7093274472,0.7952050887
1.975975976,0.9895450823,0.9985421765,0.9185932532,0.8957453984,0.7096254666,0.7955005571
1.977977978,0.9895709851,0.9985496198,0.9187347528,0.8959566725,0.7099230413,0.7957954728
1.97997998,0.9895968059,0.998557021,0.9188759238,0.8961674227,0.7102201721,0.7960898372
1.981981982,0.989622545,0.9985643802,0.9190167674,0.8963776506,0.71051686,0.7963836513
1.983983984,0.9896482026,0.9985716978,0.9191572844,0.8965873576,0.7108131058,0.7966769167
1.985985986,0.9896737791,0.9985789739,0.9192974758,0.8967965454,0.7111089105,0.7969696344
1.987987988,0.9896992748,0.998586209,0.9194373425,0.8970052155,0.7114042748,0.7972618058
1.98998999,0.98972469,0.9985934031,0.9195768856,0.8972133693,0.7116991998,0.7975534321
1.991991992,0.989750025,0.9986005567,0.9197161059,0.8974210084,0.7119936862,0.7978445146
1.993993994,0.9897752802,0.9986076698,0.9198550044,0.8976281343,0.7122877349,0.7981350546
1.995995996,0.9898004558,0.9986147428,0.9199935821,0.8978347484,0.7125813468,0.7984250531
1.997997998,0.9898255522,0.998621776,0.9201318399,0.8980408524,0.7128745228,0.7987145116
2,0.9898505696,0.9986287695,0.9202697788,0.8982464477,0.7131672637,0.7990034313