PGA (g),PoE(IO),PoE(LS),PoE(CP)
0.0,2.6210101312891984e-289,5.514963187766265e-119,2.373320864022379e-63
0.002002002002002002,7.121039116127755e-28,4.279308089281381e-16,2.335192295012707e-10
0.004004004004004004,5.635922954993696e-18,1.2996152823195383e-11,6.83604073674233e-08
0.006006006006006006,2.9515323174492306e-13,2.294765772004734e-09,1.2512762393710168e-06
0.008008008008008008,2.193783976179298e-10,6.136913484077553e-08,8.184755191498293e-06
0.01001001001001001,1.981214665818925e-08,6.309522897567918e-07,3.163249669715495e-05
0.012012012012012012,5.247385665007259e-07,3.6778858125182827e-06,8.922290874462638e-05
0.014014014014014014,6.325723471198605e-06,1.4794596807556133e-05,0.00020451779008811568
0.016016016016016016,4.44583939039188e-05,4.594113265877423e-05,0.00040521577110306546
0.018018018018018018,0.0002119996821218976,0.00011805184063695802,0.0007211588147221134
0.02002002002002002,0.0007571152897859914,0.0002627822595913936,0.0011825258403396286
0.022022022022022022,0.002166419214995339,0.0005229903095324505,0.0018183783236168224
0.024024024024024024,0.00521029551961291,0.0009519081809442202,0.0026555920795558055
0.026026026026026026,0.010907390347753128,0.0016112277116032774,0.0037181436304059095
0.028028028028028028,0.02040414180950069,0.0025684560168033935,0.005026692984988662
0.03003003003003003,0.0348009625053367,0.003893921537020026,0.006598399250623035
0.03203203203203203,0.05497419566653986,0.00565776378300686,0.00844691027115649
0.03403403403403403,0.08143843349471835,0.0079271600461859,0.010582476289008927
0.036036036036036036,0.11427521112806138,0.010763955601493593,0.013012147272812408
0.03803803803803804,0.15313251094246483,0.01422278588229629,0.015740022526352575
0.04004004004004004,0.19728286324484395,0.018349716757780125,0.0187675289021367
0.04204204204204204,0.24571919397949066,0.02318138394516172,0.022093710253598443
0.044044044044044044,0.2972662896064427,0.028744583267777825,0.02571551576272408
0.04604604604604605,0.3506893700574902,0.035056247103440435,0.029628078651250563
0.04804804804804805,0.4047871057346893,0.04212373581350865,0.03382497972037074
0.050050050050050046,0.4584624262276943,0.0499453732933547,0.03829849235159679
0.05205205205205205,0.510769441467559,0.05851116060792617,0.04303980720150245
0.05405405405405406,0.56093826143485,0.067803609079204,0.04803923596967238
0.056056056056056056,0.6083814827461859,0.07779864278661101,0.053286394420617736
0.058058058058058054,0.6526868905507781,0.08846652926464466,0.058770365382346486
0.06006006006006006,0.6936008651728388,0.09977280561024815,0.06447984279343925
0.062062062062062065,0.7310064251091212,0.11167917487660012,0.07040325807830598
0.06406406406406406,0.7648990505746247,0.12414435434433063,0.07652889023598959
0.06606606606606606,0.7953626016535262,0.13712486296587528,0.08284496106110517
0.06806806806806806,0.8225468854505043,0.15057573999592866,0.0893397168984878
0.07007007007007007,0.8466477937587025,0.1644511906224218,0.09600149828241356
0.07207207207207207,0.867890443845666,0.17870515739621284,0.1028187987390245
0.07407407407407407,0.886515403274122,0.19329181853250677,0.10978031394570908
0.07607607607607608,0.9027678460458379,0.20816601583196037,0.11687498235003346
0.07807807807807808,0.9168893479799907,0.22328361614757686,0.1240920182578964
0.08008008008008008,0.9291119604713461,0.2386018110983451,0.13142093830899876
0.08208208208208208,0.9396541827038801,0.25407936018450084,0.13885158216954563
0.08408408408408408,0.9487184658975836,0.2696767826630918,0.1463741281886749
0.08608608608608609,0.9564899160459419,0.28535650355592224,0.15397910468716608
0.08808808808808809,0.9631359042336229,0.3010829590344173,0.16165739747493713
0.09009009009009009,0.9688063393674353,0.31682266619781085,0.1694002541277505
0.0920920920920921,0.9736344027168166,0.3325442619646979,0.1771992854933389
0.0940940940940941,0.9777375845082837,0.3482185154590048,0.1850464648426059
0.0960960960960961,0.9812188986694976,0.36381831790965835,0.1929341250323392
0.0980980980980981,0.9841681822399334,0.3793186537138161,0.20085495400165188
0.10010010010010009,0.9866634110647247,0.39469655594773484,0.20880198888476642
0.1021021021021021,0.9887719835906001,0.4099310492553048,0.21676860898738837
0.1041041041041041,0.9905519404718909,0.42500308270763126,0.22474852784242016
0.1061061061061061,0.992053099908923,0.4398954549114801,0.23273578453277383
0.10810810810810811,0.9933180978081746,0.454592733352078,0.24072473444421988
0.11011011011011011,0.9943833285515622,0.46908116968768176,0.2487100395892401
0.11211211211211211,0.9952797869011799,0.48334861246964594,0.2566866586234462
0.11411411411411411,0.9960338147811495,0.49738441854189336,0.26464983665899766
0.11611611611611611,0.9966677587320985,0.5111793641768558,0.27259509496439355
0.11811811811811812,0.9972005450208258,0.5247255568297583,0.28051822062674625
0.12012012012012012,0.9976481799430652,0.5380163482382382,0.2884152562410299
0.12212212212212212,0.9980241829651926,0.5510462494581015,0.296282489680597
0.12412412412412413,0.9983399601531725,0.5638108483070053,0.30411644399434823
0.12612612612612611,0.9986051249413577,0.5763067295844297,0.3119138674681565
0.12812812812812813,0.9988277727796431,0.5885313983469735,0.31967172388136944
0.13013013013013014,0.9990147156228202,0.6004832064412935,0.3273871829833069
0.13213213213213212,0.999171681631757,0.6121612824315974,0.3350576112095596
0.13413413413413414,0.9993034848703131,0.6235654650032044,0.34268056265346697
0.13613613613613612,0.9994141692230522,0.6346962398771061,0.35025377030431104
0.13813813813813813,0.9995071302380404,0.6455546802317215,0.35777513756049206
0.14014014014014015,0.9995852181223283,0.6561423905960536,0.36524273002310936
0.14214214214214213,0.9996508246874594,0.6664614541524467,0.37265476757296573
0.14414414414414414,0.999705956658361,0.6765143833662653,0.3800096167319568
0.14614614614614616,0.9997522974194271,0.6863040738433939,0.387305783308069
0.14814814814814814,0.9997912589736707,0.6958337613038498,0.39454190532174593
0.15015015015015015,0.9998240256310853,0.7051069815504688,0.40171674621016473
0.15215215215215216,0.9998515907171596,0.7141275333050552,0.40882918830494486
0.15415415415415415,0.999874787398188,0.7228994437801803,0.41587822657799095
0.15615615615615616,0.9998943145530271,0.7314269368525618,0.42286296264949574
0.15815815815815815,0.9999107584779702,0.7397144037033455,0.42978259905159644
0.16016016016016016,0.9999246110893458,0.7477663757913628,0.43663643374077
0.16216216216216217,0.9999362851845391,0.7555875000272707,0.44342385485173386
0.16416416416416416,0.9999461272338779,0.7631825160192247,0.45014433568540485
0.16616616616616617,0.9999544281010347,0.7705562352641699,0.4567974299233185
0.16816816816816815,0.9999614320263197,0.777713522162814,0.46338276706082837
0.17017017017017017,0.9999673441537993,0.7846592767407483,0.46990004805138547
0.17217217217217218,0.9999723368381108,0.7913984189628629,0.4763490411542103
0.17417417417417416,0.9999765549288756,0.7979358745330989,0.48272957797773675
0.17617617617617617,0.999980120198676,0.8042765620765846,0.48904154971129715
0.1781781781781782,0.9999831350537113,0.8104253816062628,0.4952849035376361
0.18018018018018017,0.9999856856436998,0.8163872041811685,0.5014596392189881
0.18218218218218218,0.99998784446867,0.8221668626685276,0.5075658058496105
0.1841841841841842,0.9999896725644095,0.8277691435267528,0.5136034987678364
0.18618618618618618,0.9999912213350408,0.8331987795312272,0.5195728566209064
0.1881881881881882,0.999992534090039,0.8384604433694194,0.5254740585760216
0.19019019019019018,0.9999936473336729,0.8435587420363786,0.5313073216712687
0.1921921921921922,0.9999945918470341,0.8484982119660041,0.5370728983002703
0.1941941941941942,0.9999953935962718,0.8532833148376251,0.5427710738246154
0.1961961961961962,0.9999960744951751,0.857918434001415,0.5484021643083418
0.1981981981981982,0.9999966530456643,0.8624078714699379,0.5539665143689395
0.20020020020020018,0.9999971448759124,0.8667558454267319,0.5594644951395542
0.2022022022022022,0.9999975631926151,0.870966488206238,0.5648965023372734
0.2042042042042042,0.9999979191612411,0.8750438447026148,0.5702629544325735
0.2062062062062062,0.9999982222258471,0.8789918711680245,0.5755642909152054
0.2082082082082082,0.9999984803781643,0.8828144343638432,0.5808009706519865
0.21021021021021022,0.9999987003840921,0.8865153110309576,0.5859734703321524
0.2122122122122122,0.9999988879744136,0.8900981876478362,0.5910822829961058
0.21421421421421422,0.9999990480054519,0.8935666604474553,0.5961279166435748
0.21621621621621623,0.9999991845944594,0.8969242356663749,0.6011108929173652
0.2182182182182182,0.9999993012337611,0.9001743300013572,0.6060317458590546
0.22022022022022023,0.9999994008870297,0.9033202712508586,0.6108910207331429
0.2222222222222222,0.9999994860705196,0.9063652991205485,0.6156892729163176
0.22422422422422422,0.9999995589216454,0.9093125661737025,0.6204270668486528
0.22622622622622623,0.999999621256897,0.9121651389088887,0.6251049750436966
0.22822822822822822,0.9999996746207747,0.9149259989488436,0.6297235771545427
0.23023023023023023,0.9999997203271526,0.9175980443257897,0.6342834590931152
0.23223223223223222,0.9999997594942605,0.9201840908497132,0.6387852122000196
0.23423423423423423,0.9999997930742792,0.922686873547302,0.6432294324624425
0.23623623623623624,0.9999998218783931,0.9251090481603207,0.6476167197776905
0.23823823823823823,0.9999998465980048,0.9274531926932192,0.651947677260079
0.24024024024024024,0.9999998678227096,0.9297218090006937,0.6562229105889859
0.24224224224224225,0.999999886055531,0.9319173244067862,0.6604430273959869
0.24424424424424424,0.9999999017258412,0.934042093347903,0.6646086366890936
0.24624624624624625,0.9999999152003226,0.9360983990328657,0.6687203483122001
0.24824824824824826,0.999999926792273,0.9380884551137866,0.6727787724379446
0.2502502502502503,0.999999936769507,0.9400144073621816,0.6767845190922724
0.25225225225225223,0.9999999453610702,0.9418783353453124,0.680738197709069
0.25425425425425424,0.9999999527629453,0.9436822540982701,0.6846404167133127
0.25625625625625625,0.9999999591429062,0.9454281157878033,0.6884917831312718
0.25825825825825827,0.9999999646446467,0.9471178113643356,0.6922929022263391
0.2602602602602603,0.9999999693912958,0.9487531721990257,0.6960443771591688
0.26226226226226224,0.9999999734884109,0.9503359717030971,0.6997468086708435
0.26426426426426425,0.999999977026529,0.9518679269270063,0.7034007947878638
0.26626626626626626,0.9999999800833406,0.953350700137329,0.7070069305478067
0.2682682682682683,0.9999999827255442,0.9547859003695341,0.7105658077445629
0.2702702702702703,0.9999999850104283,0.9561750849550678,0.7140780146921111
0.27227227227227224,0.9999999869872223,0.9575197610214129,0.7175441360058402
0.27427427427427425,0.9999999886982499,0.9588213869640038,0.7209647524004814
0.27627627627627627,0.9999999901799149,0.960081373889067,0.7243404405037539
0.2782782782782783,0.9999999914635437,0.9613010870266425,0.7276717726848766
0.2802802802802803,0.9999999925761058,0.9624818471131971,0.7309593168971407
0.2822822822822823,0.9999999935408309,0.9636249317433851,0.7342036365337714
0.28428428428428426,0.9999999943777362,0.9647315766906485,0.7374052902963542
0.2862862862862863,0.9999999951040788,0.9658029771964565,0.740564832075132
0.2882882882882883,0.9999999957347427,0.9668402892281023,0.7436828108405138
0.2902902902902903,0.9999999962825719,0.9678446307050582,0.7467597705451733
0.2922922922922923,0.9999999967586537,0.9688170826939825,0.749796250036141
0.29429429429429427,0.9999999971725643,0.9697586905725426,0.752792782976327
0.2962962962962963,0.9999999975325777,0.9706704651622885,0.7557498977749408
0.2982982982982983,0.9999999978458467,0.9715533838308658,0.7586681175262961
0.3003003003003003,0.999999998118557,0.972408391563914,0.7615479599565234
0.3023023023023023,0.9999999983560605,0.9732364020070384,0.764389937377726
0.30430430430430433,0.9999999985629896,0.9740382984782812,0.7671945566491502
0.3063063063063063,0.9999999987433562,0.9748149349515575,0.7699623191449525
0.3083083083083083,0.9999999989006354,0.9755671370115451,0.7726937207281754
0.3103103103103103,0.9999999990378396,0.9762957027805438,0.775389251730556
0.3123123123123123,0.9999999991575805,0.9770014038178425,0.77804939693782
0.31431431431431434,0.9999999992621238,0.9776849859921443,0.7806746355801215
0.3163163163163163,0.9999999993534356,0.9783471703276188,0.7832654413273126
0.3183183183183183,0.999999999433223,0.9789886538241579,0.7858222822887435
0.3203203203203203,0.9999999995029686,0.9796101102524194,0.7883456210173059
0.32232232232232233,0.9999999995639607,0.98021219092425,0.7908359145174466
0.32432432432432434,0.9999999996173193,0.9807955254390807,0.7932936142569011
0.3263263263263263,0.9999999996640182,0.9813607224068882,0.795719166181895
0.3283283283283283,0.9999999997049048,0.9819083701483197,0.7981130107355914
0.3303303303303303,0.9999999997407166,0.9824390373725678,0.8004755828795576
0.33233233233233234,0.9999999997720957,0.9829532738335897,0.8028073121180508
0.33433433433433435,0.9999999997996014,0.98345161096525,0.8051086225249211
0.3363363363363363,0.9999999998237211,0.9839345624959673,0.8073799327729507
0.3383383383383383,0.9999999998448799,0.9844026250434348,0.8096216561654481
0.34034034034034033,0.9999999998634482,0.9848562786899778,0.8118342006699356
0.34234234234234234,0.9999999998797494,0.9852959875391045,0.8140179689537698
0.34434434434434436,0.9999999998940657,0.9857222002537945,0.8161733584215455
0.34634634634634637,0.9999999999066435,0.9861353505770624,0.8183007612541433
0.3483483483483483,0.999999999917698,0.9865358578353229,0.8204005644492858
0.35035035035035034,0.9999999999274173,0.9869241274250743,0.8224731498634779
0.35235235235235235,0.9999999999359659,0.9873005512834034,0.8245188942552086
0.35435435435435436,0.9999999999434874,0.9876655083428106,0.8265381693293063
0.3563563563563564,0.9999999999501078,0.9880193649708353,0.8285313417823355
0.35835835835835833,0.9999999999559371,0.9883624753949558,0.8304987733489373
0.36036036036036034,0.9999999999610717,0.9886951821132249,0.8324408208490205
0.36236236236236236,0.999999999965596,0.9890178162910906,0.8343578362357069
0.36436436436436437,0.9999999999695838,0.9893306981448412,0.8362501666439537
0.3663663663663664,0.9999999999731002,0.9896341373121009,0.8381181544397676
0.3683683683683684,0.9999999999762019,0.9899284332097942,0.839962137269939
0.37037037037037035,0.9999999999789387,0.9902138753799811,0.8417824481122215
0.37237237237237236,0.9999999999813546,0.9904907438239596,0.843579415325894
0.3743743743743744,0.9999999999834878,0.9907593093250169,0.8453533627026393
0.3763763763763764,0.9999999999853719,0.9910198337602019,0.8471046095176811
0.3783783783783784,0.9999999999870368,0.9912725704014798,0.8488334705811241
0.38038038038038036,0.9999999999885084,0.9915177642066216,0.8505402562894443
0.38238238238238237,0.9999999999898096,0.9917556521001661,0.8522252726770801
0.3843843843843844,0.9999999999909606,0.9919864632447882,0.8538888214680787
0.3863863863863864,0.9999999999919789,0.992210419303391,0.8555312001277535
0.3883883883883884,0.9999999999928801,0.992427734692236,0.8571527019143144
0.39039039039039036,0.9999999999936782,0.992638616825408,0.8587536159304283
0.3923923923923924,0.9999999999943848,0.9928432663509122,0.8603342271746794
0.3943943943943944,0.999999999995011,0.9930418773786822,0.861894816592893
0.3963963963963964,0.999999999995566,0.9932346377007735,0.8634356611292915
0.3983983983983984,0.9999999999960579,0.9934217290040104,0.8649570337774559
0.40040040040040037,0.9999999999964942,0.9936033270753399,0.8664592036310643
0.4024024024024024,0.9999999999968813,0.9937796020001435,0.8679424359343809
0.4044044044044044,0.9999999999972247,0.9939507183537455,0.8694069921324752
0.4064064064064064,0.9999999999975295,0.9941168353863528,0.8708531299211478
0.4084084084084084,0.9999999999978003,0.9942781072016497,0.8722811032965423
0.41041041041041043,0.9999999999980407,0.9944346829292655,0.8736911626044261
0.4124124124124124,0.9999999999982544,0.994586706891327,0.8750835545891222
0.4144144144144144,0.9999999999984442,0.9947343187632973,0.8764585224420758
0.4164164164164164,0.999999999998613,0.9948776537292996,0.8778163058500421
0.4184184184184184,0.9999999999987631,0.9950168426321152,0.8791571410428802
0.42042042042042044,0.9999999999988967,0.9951520121180404,0.8804812608409449
0.4224224224224224,0.9999999999990156,0.9952832847767787,0.8817888947020589
0.4244244244244244,0.9999999999991214,0.9954107792765414,0.8830802687680619
0.4264264264264264,0.9999999999992155,0.9955346104945217,0.8843556059109225
0.42842842842842843,0.9999999999992994,0.9956548896429028,0.8856151257784082
0.43043043043043044,0.9999999999993742,0.9957717243905543,0.8868590448393028
0.43243243243243246,0.9999999999994408,0.9958852189805676,0.8880875764281688
0.4344344344344344,0.9999999999995001,0.9959954743437727,0.8893009307896448
0.4364364364364364,0.999999999999553,0.9961025882083779,0.8904993151222751
0.43843843843843844,0.9999999999996003,0.9962066552058666,0.8916829336218672
0.44044044044044045,0.9999999999996424,0.9963077669732786,0.892851987524373
0.44244244244244246,0.99999999999968,0.996406012252006,0.8940066751482902
0.4444444444444444,0.9999999999997136,0.9965014769832208,0.8951471919365815
0.44644644644644643,0.9999999999997435,0.9965942444000534,0.8962737304981112
0.44844844844844844,0.9999999999997704,0.9966843951166341,0.8973864806485939
0.45045045045045046,0.9999999999997943,0.9967720072141065,0.8984856294510596
0.45245245245245247,0.9999999999998157,0.996857156323719,0.8995713612558285
0.4544544544544544,0.9999999999998348,0.9969399157070936,0.9006438577400013
0.45645645645645644,0.9999999999998519,0.9970203563337742,0.9017032979464603
0.45845845845845845,0.9999999999998671,0.9970985469561429,0.902749858322385
0.46046046046046046,0.9999999999998809,0.9971745541818021,0.9037837127572819
0.4624624624624625,0.9999999999998931,0.9972484425435055,0.9048050326205291
0.46446446446446443,0.9999999999999041,0.9973202745667257,0.9058139867984403
0.46646646646646645,0.9999999999999138,0.9973901108349387,0.906810741730844
0.46846846846846846,0.9999999999999226,0.9974580100527064,0.9077954614471879
0.47047047047047047,0.9999999999999305,0.9975240291066318,0.9087683076021635
0.4724724724724725,0.9999999999999376,0.997588223124261,0.9097294395108582
0.4744744744744745,0.9999999999999439,0.9976506455310031,0.9106790141834354
0.47647647647647645,0.9999999999999496,0.997711348105138,0.9116171863593474
0.47847847847847846,0.9999999999999547,0.9977703810309748,0.9125441085410808
0.4804804804804805,0.9999999999999593,0.9978277929502296,0.9134599310274429
0.4824824824824825,0.9999999999999634,0.9978836310116794,0.9143648019463869
0.4844844844844845,0.999999999999967,0.9979379409191546,0.9152588672873838
0.48648648648648646,0.9999999999999702,0.997990766977927,0.9161422709333431
0.48848848848848847,0.9999999999999732,0.998042152139548,0.9170151546920855
0.4904904904904905,0.9999999999999759,0.9980921380451901,0.9178776583273731
0.4924924924924925,0.9999999999999784,0.9981407650675455,0.9187299195894993
0.4944944944944945,0.9999999999999805,0.9981880723513273,0.9195720742454447
0.4964964964964965,0.9999999999999823,0.9982340978524267,0.9204042561086008
0.4984984984984985,0.9999999999999841,0.9982788783757669,0.9212265970680689
0.5005005005005005,0.9999999999999857,0.9983224496119031,0.9220392271175344
0.5025025025025025,0.9999999999999871,0.9983648461724087,0.9228422743837251
0.5045045045045045,0.9999999999999883,0.9984061016240898,0.9236358651544557
0.5065065065065065,0.9999999999999895,0.9984462485220699,0.9244201239062626
0.5085085085085085,0.9999999999999906,0.9984853184417805,0.9251951733316353
0.5105105105105106,0.9999999999999915,0.9985233420098978,0.9259611343658476
0.5125125125125125,0.9999999999999922,0.9985603489342598,0.9267181262133939
0.5145145145145145,0.999999999999993,0.9985963680327992,0.9274662663740347
0.5165165165165165,0.9999999999999937,0.9986314272615253,0.9282056706684566
0.5185185185185185,0.9999999999999943,0.998665553741588,0.9289364532635499
0.5205205205205206,0.9999999999999949,0.9986987737854548,0.9296587266973116
0.5225225225225225,0.9999999999999953,0.9987311129222293,0.9303726019033745
0.5245245245245245,0.9999999999999958,0.9987625959221442,0.9310781882351702
0.5265265265265265,0.9999999999999962,0.9987932468202533,0.9317755934897293
0.5285285285285285,0.9999999999999966,0.9988230889393498,0.9324649239311228
0.5305305305305306,0.9999999999999969,0.9988521449121405,0.9331462843135514
0.5325325325325325,0.9999999999999972,0.9988804367026964,0.9338197779040848
0.5345345345345345,0.9999999999999974,0.9989079856272083,0.9344855065050581
0.5365365365365365,0.9999999999999977,0.9989348123740672,0.9351435704761276
0.5385385385385385,0.9999999999999979,0.9989609370232958,0.9357940687559919
0.5405405405405406,0.9999999999999981,0.9989863790653497,0.9364370988837828
0.5425425425425425,0.9999999999999983,0.9990111574193123,0.9370727570201297
0.5445445445445445,0.9999999999999984,0.9990352904505015,0.9377011379679036
0.5465465465465466,0.9999999999999986,0.9990587959875091,0.938322335192642
0.5485485485485485,0.9999999999999988,0.9990816913386924,0.9389364408426638
0.5505505505505506,0.9999999999999989,0.9991039933081348,0.9395435457688737
0.5525525525525525,0.999999999999999,0.9991257182110945,0.9401437395442634
0.5545545545545546,0.999999999999999,0.9991468818889582,0.9407371104831147
0.5565565565565566,0.9999999999999991,0.9991674997237149,0.9413237456599044
0.5585585585585585,0.9999999999999992,0.9991875866519688,0.9419037309279207
0.5605605605605606,0.9999999999999993,0.9992071571785028,0.9424771509375912
0.5625625625625625,0.9999999999999993,0.9992262253894113,0.9430440891545293
0.5645645645645646,0.9999999999999994,0.9992448049648132,0.943604627877301
0.5665665665665666,0.9999999999999994,0.9992629091911619,0.9441588482549177
0.5685685685685685,0.9999999999999996,0.9992805509731644,0.9447068303040581
0.5705705705705706,0.9999999999999996,0.9992977428453211,0.9452486529260247
0.5725725725725725,0.9999999999999996,0.9993144969831018,0.945784393923436
0.5745745745745746,0.9999999999999997,0.9993308252137675,0.9463141300166621
0.5765765765765766,0.9999999999999997,0.99934673902685,0.9468379368600035
0.5785785785785785,0.9999999999999997,0.9993622495843024,0.9473558890576202
0.5805805805805806,0.9999999999999998,0.9993773677303287,0.9478680601792139
0.5825825825825826,0.9999999999999998,0.9993921040009047,0.9483745227754651
0.5845845845845846,0.9999999999999998,0.9994064686329999,0.9488753483932325
0.5865865865865866,0.9999999999999998,0.9994204715735103,0.9493706075905146
0.5885885885885885,0.9999999999999998,0.9994341224879119,0.9498603699511796
0.5905905905905906,0.9999999999999998,0.9994474307686421,0.9503447040994665
0.5925925925925926,0.9999999999999999,0.999460405543221,0.9508236777142594
0.5945945945945946,0.9999999999999999,0.9994730556821193,0.9512973575431417
0.5965965965965966,0.9999999999999999,0.9994853898063796,0.9517658094162305
0.5985985985985985,0.9999999999999999,0.9994974162950027,0.9522290982597954
0.6006006006006006,0.9999999999999999,0.9995091432921032,0.9526872881096666
0.6026026026026026,0.9999999999999999,0.9995205787138443,0.9531404421244336
0.6046046046046046,0.9999999999999999,0.9995317302551565,0.953588622598438
0.6066066066066066,0.9999999999999999,0.9995426053962498,0.9540318909745658
0.6086086086086087,0.9999999999999999,0.9995532114089246,0.9544703078568385
0.6106106106106106,0.9999999999999999,0.9995635553626872,0.9549039330228101
0.6126126126126126,0.9999999999999999,0.9995736441306776,0.9553328254357697
0.6146146146146146,0.9999999999999999,0.9995834843954159,0.9557570432567558
0.6166166166166166,1.0,0.9995930826543704,0.9561766438563822
0.6186186186186187,1.0,0.9996024452253567,0.9565916838264809
0.6206206206206206,1.0,0.9996115782517706,0.957002218991563
0.6226226226226226,1.0,0.9996204877076612,0.9574083044201034
0.6246246246246246,1.0,0.9996291794026493,0.9578099944356473
0.6266266266266266,1.0,0.9996376589866959,0.958207342627746
0.6286286286286287,1.0,0.9996459319547251,0.9586004018627224
0.6306306306306306,1.0,0.9996540036511072,0.958989224294269
0.6326326326326326,1.0,0.9996618792740053,0.9593738613738814
0.6346346346346347,1.0,0.9996695638795897,0.9597543638611298
0.6366366366366366,1.0,0.999677062386126,0.9601307818337713
0.6386386386386387,1.0,0.9996843795779382,0.9605031646977054
0.6406406406406406,1.0,0.9996915201092536,0.9608715611967744
0.6426426426426426,1.0,0.9996984885079303,0.9612360194224129
0.6446446446446447,1.0,0.9997052891790743,0.9615965868231471
0.6466466466466466,1.0,0.999711926408546,0.9619533102139469
0.6486486486486487,1.0,0.9997184043663633,0.9623062357854343
0.6506506506506506,1.0,0.9997247271100012,0.9626554091129476
0.6526526526526526,1.0,0.9997308985875938,0.9630008751654668
0.6546546546546547,1.0,0.9997369226410399,0.9633426783144003
0.6566566566566566,1.0,0.9997428030090164,0.9636808623422367
0.6586586586586587,1.0,0.9997485433299016,0.9640154704510614
0.6606606606606606,1.0,0.9997541471446119,0.9643465452709437
0.6626626626626626,1.0,0.9997596178993535,0.9646741288681928
0.6646646646646647,1.0,0.9997649589482936,0.9649982627534882
0.6666666666666666,1.0,0.9997701735561515,0.9653189878898829
0.6686686686686687,1.0,0.9997752649007134,0.9656363447006853
0.6706706706706707,1.0,0.9997802360752729,0.9659503730772183
0.6726726726726726,1.0,0.9997850900909997,0.9662611123864601
0.6746746746746747,1.0,0.9997898298792381,0.9665686014785669
0.6766766766766766,1.0,0.9997944582937387,0.9668728786942806
0.6786786786786787,1.0,0.999798978112823,0.967173981872222
0.6806806806806807,1.0,0.9998033920414868,0.9674719483560733
0.6826826826826827,1.0,0.9998077027134397,0.9677668150016494
0.6846846846846847,1.0,0.9998119126930863,0.9680586181838616
0.6866866866866866,1.0,0.9998160244774499,0.9683473938035744
0.6886886886886887,1.0,0.9998200404980382,0.968633177294357
0.6906906906906907,1.0,0.9998239631226569,0.9689160036291333
0.6926926926926927,1.0,0.9998277946571692,0.9691959073267278
0.6946946946946947,1.0,0.9998315373472044,0.9694729224583134
0.6966966966966966,1.0,0.9998351933798179,0.9697470826537608
0.6986986986986987,1.0,0.999838764885101,0.97001842110789
0.7007007007007007,1.0,0.9998422539377473,0.9702869705866283
0.7027027027027027,1.0,0.9998456625585704,0.9705527634330724
0.7047047047047047,1.0,0.9998489927159809,0.9708158315734607
0.7067067067067067,1.0,0.9998522463274186,0.9710762065230532
0.7087087087087087,1.0,0.999855425260745,0.9713339193919225
0.7107107107107107,1.0,0.9998585313355949,0.971589000890658
0.7127127127127127,1.0,0.9998615663246901,0.9718414813359822
0.7147147147147147,1.0,0.9998645319551146,0.9720913906562828
0.7167167167167167,1.0,0.9998674299095538,0.9723387583970605
0.7187187187187187,1.0,0.9998702618274986,0.9725836137262958
0.7207207207207207,1.0,0.9998730293064145,0.9728259854397329
0.7227227227227228,1.0,0.9998757339028783,0.9730659019660853
0.7247247247247247,1.0,0.9998783771336813,0.9733033913721624
0.7267267267267267,1.0,0.9998809604769023,0.9735384813679183
0.7287287287287287,1.0,0.9998834853729498,0.9737711993114262
0.7307307307307307,1.0,0.9998859532255743,0.9740015722137759
0.7327327327327328,1.0,0.9998883654028526,0.9742296267438997
0.7347347347347347,1.0,0.9998907232381441,0.9744553892333242
0.7367367367367368,1.0,0.9998930280310199,0.9746788856808526
0.7387387387387387,1.0,0.999895281048166,0.9749001417571747
0.7407407407407407,1.0,0.9998974835242611,0.9751191828094099
0.7427427427427428,1.0,0.9998996366628298,0.9753360338655811
0.7447447447447447,1.0,0.9999017416370716,0.9755507196390221
0.7467467467467468,1.0,0.9999037995906668,0.975763264532719
0.7487487487487487,1.0,0.9999058116385606,0.9759736926435874
0.7507507507507507,1.0,0.999907778867724,0.9761820277666852
0.7527527527527528,1.0,0.9999097023378943,0.9763882933993628
0.7547547547547547,1.0,0.9999115830822956,0.9765925127453525
0.7567567567567568,1.0,0.999913422108337,0.9767947087187955
0.7587587587587588,1.0,0.9999152203982947,0.9769949039482105
0.7607607607607607,1.0,0.9999169789099723,0.977193120780403
0.7627627627627628,1.0,0.9999186985773444,0.9773893812843164
0.7647647647647647,1.0,0.9999203803111818,0.9775837072548267
0.7667667667667668,1.0,0.99992202499966,0.9777761202164804
0.7687687687687688,1.0,0.9999236335089501,0.9779666414271782
0.7707707707707707,1.0,0.9999252066837939,0.9781552918818024
0.7727727727727728,1.0,0.9999267453480638,0.9783420923157936
0.7747747747747747,1.0,0.999928250305306,0.9785270632086723
0.7767767767767768,1.0,0.9999297223392696,0.9787102247875099
0.7787787787787788,1.0,0.9999311622144216,0.9788915970303482
0.7807807807807807,1.0,0.9999325706764471,0.9790711996695695
0.7827827827827828,1.0,0.9999339484527359,0.9792490521952154
0.7847847847847848,1.0,0.999935296252856,0.9794251738582598
0.7867867867867868,1.0,0.999936614769015,0.9795995836738313
0.7887887887887888,1.0,0.9999379046765071,0.9797723004243898
0.7907907907907907,1.0,0.99993916663415,0.9799433426628567
0.7927927927927928,1.0,0.9999404012847081,0.980112728715699
0.7947947947947948,1.0,0.999941609255306,0.9802804766859685
0.7967967967967968,1.0,0.9999427911578297,0.9804466044562975
0.7987987987987988,1.0,0.9999439475893169,0.9806111296918492
0.8008008008008007,1.0,0.9999450791323377,0.9807740698432271
0.8028028028028028,1.0,0.9999461863553636,0.9809354421493411
0.8048048048048048,1.0,0.9999472698131285,0.9810952636402324
0.8068068068068068,1.0,0.9999483300469783,0.9812535511398566
0.8088088088088088,1.0,0.9999493675852115,0.9814103212688285
0.8108108108108109,1.0,0.9999503829434119,0.9815655904471249
0.8128128128128128,1.0,0.9999513766247704,0.98171937489675
0.8148148148148148,1.0,0.9999523491204,0.9818716906443612
0.8168168168168168,1.0,0.9999533009096411,0.9820225535238584
0.8188188188188188,1.0,0.9999542324603595,0.9821719791789344
0.8208208208208209,1.0,0.9999551442292366,0.98231998306559
0.8228228228228228,1.0,0.9999560366620504,0.982466580454612
0.8248248248248248,1.0,0.9999569101939509,0.9826117864340165
0.8268268268268268,1.0,0.9999577652497277,0.9827556159114563
0.8288288288288288,1.0,0.9999586022440691,0.9828980836165943
0.8308308308308309,1.0,0.9999594215818166,0.9830392041034427
0.8328328328328328,1.0,0.9999602236582112,0.9831789917526694
0.8348348348348348,1.0,0.9999610088591333,0.9833174607738706
0.8368368368368369,1.0,0.9999617775613371,0.9834546252078115
0.8388388388388388,1.0,0.9999625301326777,0.9835904989286346
0.8408408408408409,1.0,0.9999632669323333,0.9837250956460376
0.8428428428428428,1.0,0.999963988311021,0.9838584289074193
0.8448448448448448,1.0,0.9999646946112072,0.9839905120999949
0.8468468468468469,1.0,0.999965386167312,0.9841213584528827
0.8488488488488488,1.0,0.999966063305909,0.98425098103916
0.8508508508508509,1.0,0.9999667263459192,0.9843793927778894
0.8528528528528528,1.0,0.9999673755988007,0.9845066064361185
0.8548548548548548,1.0,0.9999680113687321,0.9846326346308494
0.8568568568568569,1.0,0.999968633952793,0.9847574898309809
0.8588588588588588,1.0,0.9999692436411379,0.9848811843592242
0.8608608608608609,1.0,0.9999698407171671,0.9850037303939905
0.8628628628628628,1.0,0.999970425457692,0.9851251399712526
0.8648648648648649,1.0,0.9999709981330973,0.9852454249863805
0.8668668668668669,1.0,0.999971559007498,0.9853645971959505
0.8688688688688688,1.0,0.999972108338893,0.98548266821953
0.8708708708708709,1.0,0.9999726463793143,0.9855996495414364
0.8728728728728729,1.0,0.9999731733749727,0.9857155525124718
0.8748748748748749,1.0,0.9999736895663996,0.9858303883516336
0.8768768768768769,1.0,0.9999741951885853,0.9859441681478008
0.8788788788788788,1.0,0.9999746904711135,0.9860569028613972
0.8808808808808809,1.0,0.9999751756382927,0.9861686033260308
0.8828828828828829,1.0,0.9999756509092839,0.9862792802501118
0.8848848848848849,1.0,0.9999761164982253,0.986388944218446
0.8868868868868869,1.0,0.9999765726143535,0.9864976056938082
0.8888888888888888,1.0,0.9999770194621225,0.986605275018492
0.8908908908908909,1.0,0.9999774572413183,0.9867119624158402
0.8928928928928929,1.0,0.9999778861471715,0.9868176779917512
0.8948948948948949,1.0,0.9999783063704675,0.9869224317361674
0.8968968968968969,1.0,0.9999787180976522,0.987026233524541
0.8988988988988988,1.0,0.9999791215109368,0.9871290931192811
0.9009009009009009,1.0,0.9999795167883994,0.9872310201711798
0.9029029029029029,1.0,0.9999799041040832,0.9873320242208189
0.9049049049049049,1.0,0.9999802836280938,0.9874321146999576
0.9069069069069069,1.0,0.9999806555266925,0.9875313009329012
0.9089089089089089,1.0,0.999981019962388,0.9876295921378503
0.9109109109109109,1.0,0.9999813770940263,0.9877269974282321
0.9129129129129129,1.0,0.9999817270768773,0.9878235258140139
0.914914914914915,1.0,0.9999820700627196,0.9879191862029973
0.9169169169169169,1.0,0.9999824061999237,0.9880139874020963
0.9189189189189189,1.0,0.9999827356335326,0.9881079381185965
0.9209209209209209,1.0,0.9999830585053402,0.9882010469613987
0.9229229229229229,1.0,0.9999833749539688,0.9882933224422439
0.924924924924925,1.0,0.999983685114943,0.988384772976923
0.9269269269269269,1.0,0.9999839891207635,0.9884754068864694
0.9289289289289289,1.0,0.9999842871009776,0.9885652323983356
0.9309309309309309,1.0,0.9999845791822496,0.9886542576475538
0.9329329329329329,1.0,0.9999848654884272,0.9887424906778808
0.934934934934935,1.0,0.9999851461406086,0.9888299394429274
0.9369369369369369,1.0,0.9999854212572065,0.988916611807273
0.938938938938939,1.0,0.9999856909540107,0.9890025155475637
0.9409409409409409,1.0,0.9999859553442498,0.9890876583535981
0.9429429429429429,1.0,0.9999862145386508,0.989172047829396
0.944944944944945,1.0,0.999986468645497,0.9892556914942541
0.9469469469469469,1.0,0.9999867177706858,0.9893385967837869
0.948948948948949,1.0,0.9999869620177831,0.9894207710509544
0.950950950950951,1.0,0.9999872014880783,0.9895022215670752
0.9529529529529529,1.0,0.9999874362806362,0.9895829555228268
0.954954954954955,1.0,0.9999876664923496,0.9896629800292314
0.9569569569569569,1.0,0.9999878922179886,0.9897423021186298
0.958958958958959,1.0,0.99998811355025,0.9898209287456416
0.960960960960961,1.0,0.9999883305798054,0.9898988667881128
0.9629629629629629,1.0,0.9999885433953474,0.9899761230480504
0.964964964964965,1.0,0.9999887520836355,0.9900527042525454
0.9669669669669669,1.0,0.9999889567295402,0.9901286170546827
0.968968968968969,1.0,0.9999891574160868,0.9902038680344393
0.970970970970971,1.0,0.9999893542244975,0.9902784636995707
0.9729729729729729,1.0,0.9999895472342324,0.9903524104864855
0.974974974974975,1.0,0.9999897365230305,0.9904257147611076
0.9769769769769769,1.0,0.9999899221669482,0.990498382819729
0.978978978978979,1.0,0.9999901042403984,0.9905704208898491
0.980980980980981,1.0,0.9999902828161877,0.9906418351310045
0.9829829829829829,1.0,0.9999904579655529,0.9907126316355866
0.984984984984985,1.0,0.9999906297581966,0.9907828164296503
0.986986986986987,1.0,0.9999907982623224,0.9908523954737098
0.988988988988989,1.0,0.9999909635446687,0.990921374663526
0.990990990990991,1.0,0.9999911256705416,0.9909897598308818
0.992992992992993,1.0,0.999991284703848,0.9910575567443488
0.994994994994995,1.0,0.9999914407071264,0.9911247711100429
0.996996996996997,1.0,0.9999915937415785,0.9911914085723708
0.998998998998999,1.0,0.999991743867099,0.9912574747147657
1.001001001001001,1.0,0.9999918911423049,0.9913229750604147
1.003003003003003,1.0,0.9999920356245648,0.9913879150729757
1.005005005005005,1.0,0.9999921773700262,0.9914523001572857
1.007007007007007,1.0,0.9999923164336434,0.9915161356600591
1.009009009009009,1.0,0.9999924528692041,0.991579426870578
1.011011011011011,1.0,0.9999925867293555,0.9916421790213722
1.013013013013013,1.0,0.99999271806563,0.9917043972888919
1.015015015015015,1.0,0.9999928469284697,0.9917660867941702
1.017017017017017,1.0,0.9999929733672509,0.9918272526034784
1.019019019019019,1.0,0.9999930974303082,0.9918878997289717
1.021021021021021,1.0,0.9999932191649571,0.9919480331293276
1.023023023023023,1.0,0.9999933386175169,0.9920076577103747
1.025025025025025,1.0,0.9999934558333331,0.9920667783257153
1.027027027027027,1.0,0.9999935708567983,0.9921253997773383
1.029029029029029,1.0,0.9999936837313743,0.9921835268162248
1.031031031031031,1.0,0.9999937944996116,0.9922411641429464
1.033033033033033,1.0,0.9999939032031702,0.9922983164082552
1.035035035035035,1.0,0.9999940098828394,0.9923549882136666
1.037037037037037,1.0,0.9999941145785562,0.9924111841120347
1.039039039039039,1.0,0.9999942173294252,0.9924669086081194
1.0410410410410411,1.0,0.9999943181737357,0.9925221661591482
1.043043043043043,1.0,0.9999944171489805,0.992576961175369
1.045045045045045,1.0,0.999994514291873,0.9926312980205964
1.047047047047047,1.0,0.9999946096383644,0.9926851810127518
1.049049049049049,1.0,0.9999947032236602,0.9927386144243957
1.0510510510510511,1.0,0.9999947950822368,0.9927916024832534
1.053053053053053,1.0,0.999994885247857,0.9928441493727348
1.055055055055055,1.0,0.9999949737535861,0.9928962592324463
1.057057057057057,1.0,0.9999950606318069,0.9929479361586976
1.059059059059059,1.0,0.999995145914234,0.9929991842050013
1.0610610610610611,1.0,0.9999952296319294,0.9930500073825662
1.063063063063063,1.0,0.9999953118153158,0.9931004096607845
1.065065065065065,1.0,0.9999953924941904,0.9931503949677131
1.067067067067067,1.0,0.9999954716977396,0.9931999671905487
1.069069069069069,1.0,0.9999955494545507,0.9932491301760966
1.0710710710710711,1.0,0.9999956257926258,0.9932978877312343
1.073073073073073,1.0,0.9999957007393941,0.9933462436233682
1.075075075075075,1.0,0.9999957743217248,0.9933942015808861
1.077077077077077,1.0,0.9999958465659381,0.9934417652936024
1.079079079079079,1.0,0.999995917497818,0.9934889384131992
1.0810810810810811,1.0,0.9999959871426233,0.9935357245536607
1.083083083083083,1.0,0.9999960555250991,0.993582127291703
1.085085085085085,1.0,0.9999961226694877,0.9936281501671984
1.087087087087087,1.0,0.9999961885995393,0.9936737966835935
1.089089089089089,1.0,0.9999962533385229,0.9937190703083238
1.0910910910910911,1.0,0.9999963169092362,0.9937639744732216
1.093093093093093,1.0,0.9999963793340156,0.9938085125749199
1.095095095095095,1.0,0.9999964406347465,0.9938526879752502
1.097097097097097,1.0,0.9999965008328724,0.9938965040016368
1.0990990990990992,1.0,0.9999965599494046,0.9939399639474849
1.1011011011011012,1.0,0.9999966180049313,0.9939830710725645
1.103103103103103,1.0,0.9999966750196267,0.99402582860339
1.105105105105105,1.0,0.9999967310132596,0.9940682397335937
1.107107107107107,1.0,0.9999967860052019,0.9941103076242968
1.1091091091091092,1.0,0.9999968400144373,0.9941520354044735
1.1111111111111112,1.0,0.9999968930595693,0.9941934261713128
1.1131131131131131,1.0,0.9999969451588293,0.994234482990574
1.115115115115115,1.0,0.9999969963300843,0.9942752088969397
1.117117117117117,1.0,0.9999970465908451,0.9943156068943619
1.1191191191191192,1.0,0.9999970959582728,0.9943556799564074
1.1211211211211212,1.0,0.9999971444491871,0.9943954310265952
1.1231231231231231,1.0,0.9999971920800731,0.9944348630187327
1.125125125125125,1.0,0.9999972388670882,0.9944739788172466
1.127127127127127,1.0,0.9999972848260692,0.9945127812775092
1.1291291291291292,1.0,0.9999973299725389,0.994551273226162
1.1311311311311312,1.0,0.9999973743217122,0.9945894574614345
1.1331331331331331,1.0,0.9999974178885038,0.9946273367534593
1.135135135135135,1.0,0.9999974606875329,0.9946649138445838
1.137137137137137,1.0,0.9999975027331306,0.9947021914496773
1.1391391391391392,1.0,0.9999975440393452,0.9947391722564352
1.1411411411411412,1.0,0.9999975846199479,0.9947758589256791
1.1431431431431431,1.0,0.9999976244884397,0.9948122540916531
1.145145145145145,1.0,0.9999976636580554,0.994848360362317
1.147147147147147,1.0,0.9999977021417706,0.9948841803196361
1.1491491491491492,1.0,0.9999977399523061,0.9949197165198659
1.1511511511511512,1.0,0.9999977771021333,0.9949549714938363
1.1531531531531531,1.0,0.9999978136034801,0.994989947747229
1.155155155155155,1.0,0.9999978494683345,0.9950246477608551
1.157157157157157,1.0,0.9999978847084512,0.9950590739909254
1.1591591591591592,1.0,0.999997919335355,0.9950932288693216
1.1611611611611612,1.0,0.9999979533603464,0.9951271148038611
1.1631631631631631,1.0,0.9999979867945058,0.9951607341785597
1.165165165165165,1.0,0.9999980196486983,0.9951940893538921
1.167167167167167,1.0,0.9999980519335778,0.9952271826670477
1.1691691691691692,1.0,0.9999980836595914,0.9952600164321843
1.1711711711711712,1.0,0.9999981148369839,0.9952925929406785
1.1731731731731732,1.0,0.9999981454758016,0.9953249144613735
1.1751751751751751,1.0,0.9999981755858963,0.995356983240823
1.177177177177177,1.0,0.9999982051769299,0.9953888015035335
1.1791791791791792,1.0,0.9999982342583775,0.9954203714522027
1.1811811811811812,1.0,0.9999982628395315,0.9954516952679556
1.1831831831831832,1.0,0.9999982909295054,0.9954827751105775
1.1851851851851851,1.0,0.9999983185372373,0.9955136131187444
1.187187187187187,1.0,0.9999983456714937,0.9955442114102507
1.1891891891891893,1.0,0.9999983723408724,0.9955745720822347
1.1911911911911912,1.0,0.9999983985538066,0.9956046972113995
1.1931931931931932,1.0,0.9999984243185679,0.9956345888542346
1.1951951951951951,1.0,0.9999984496432696,0.9956642490472315
1.197197197197197,1.0,0.9999984745358695,0.995693679807099
1.1991991991991993,1.0,0.9999984990041741,0.9957228831309753
1.2012012012012012,1.0,0.9999985230558404,0.995751860996637
1.2032032032032032,1.0,0.9999985466983796,0.9957806153627069
1.2052052052052051,1.0,0.9999985699391599,0.9958091481688581
1.207207207207207,1.0,0.9999985927854095,0.9958374613360169
1.2092092092092093,1.0,0.9999986152442191,0.9958655567665621
1.2112112112112112,1.0,0.9999986373225448,0.9958934363445229
1.2132132132132132,1.0,0.999998659027211,0.9959211019357744
1.2152152152152151,1.0,0.9999986803649125,0.9959485553882303
1.2172172172172173,1.0,0.9999987013422177,0.9959757985320338
1.2192192192192193,1.0,0.9999987219655708,0.9960028331797459
1.2212212212212212,1.0,0.9999987422412945,0.9960296611265325
1.2232232232232232,1.0,0.9999987621755916,0.9960562841503476
1.2252252252252251,1.0,0.9999987817745487,0.9960827040121162
1.2272272272272273,1.0,0.9999988010441376,0.9961089224559139
1.2292292292292293,1.0,0.9999988199902177,0.9961349412091447
1.2312312312312312,1.0,0.9999988386185382,0.9961607619827172
1.2332332332332332,1.0,0.999998856934741,0.9961863864712178
1.2352352352352352,1.0,0.9999988749443615,0.9962118163530832
1.2372372372372373,1.0,0.9999988926528319,0.9962370532907697
1.2392392392392393,1.0,0.9999989100654826,0.9962620989309214
1.2412412412412412,1.0,0.9999989271875445,0.9962869549045357
1.2432432432432432,1.0,0.9999989440241506,0.9963116228271277
1.2452452452452452,1.0,0.9999989605803383,0.9963361042988924
1.2472472472472473,1.0,0.9999989768610513,0.9963604009048647
1.2492492492492493,1.0,0.999998992871141,0.9963845142150778
1.2512512512512513,1.0,0.9999990086153687,0.9964084457847204
1.2532532532532532,1.0,0.9999990240984075,0.996432197154291
1.2552552552552552,1.0,0.9999990393248431,0.996455769849751
1.2572572572572573,1.0,0.999999054299177,0.9964791653826766
1.2592592592592593,1.0,0.9999990690258268,0.9965023852504075
1.2612612612612613,1.0,0.9999990835091286,0.9965254309361957
1.2632632632632632,1.0,0.9999990977533382,0.9965483039093512
1.2652652652652652,1.0,0.9999991117626329,0.9965710056253868
1.2672672672672673,1.0,0.999999125541113,0.9965935375261609
1.2692692692692693,1.0,0.9999991390928032,0.9966159010400188
1.2712712712712713,1.0,0.9999991524216542,0.9966380975819326
1.2732732732732732,1.0,0.9999991655315437,0.9966601285536391
1.2752752752752752,1.0,0.9999991784262785,0.9966819953437764
1.2772772772772774,1.0,0.9999991911095955,0.9967036993280192
1.2792792792792793,1.0,0.9999992035851629,0.9967252418692119
1.2812812812812813,1.0,0.999999215856582,0.9967466243175007
1.2832832832832832,1.0,0.9999992279273879,0.9967678480104646
1.2852852852852852,1.0,0.9999992398010513,0.9967889142732436
1.2872872872872874,1.0,0.9999992514809793,0.9968098244186668
1.2892892892892893,1.0,0.999999262970517,0.9968305797473789
1.2912912912912913,1.0,0.9999992742729485,0.996851181547964
1.2932932932932932,1.0,0.9999992853914982,0.9968716310970699
1.2952952952952952,1.0,0.9999992963293315,0.9968919296595293
1.2972972972972974,1.0,0.9999993070895566,0.9969120784884811
1.2992992992992993,1.0,0.9999993176752252,0.9969320788254891
1.3013013013013013,1.0,0.9999993280893338,0.9969519319006602
1.3033033033033032,1.0,0.9999993383348241,0.9969716389327611
1.3053053053053052,1.0,0.9999993484145852,0.9969912011293331
1.3073073073073074,1.0,0.9999993583314534,0.9970106196868072
1.3093093093093093,1.0,0.9999993680882141,0.9970298957906154
1.3113113113113113,1.0,0.9999993776876023,0.9970490306153034
1.3133133133133132,1.0,0.9999993871323039,0.9970680253246403
1.3153153153153152,1.0,0.9999993964249559,0.9970868810717282
1.3173173173173174,1.0,0.9999994055681486,0.9971055989991089
1.3193193193193193,1.0,0.999999414564425,0.9971241802388721
1.3213213213213213,1.0,0.9999994234162828,0.9971426259127594
1.3233233233233233,1.0,0.9999994321261748,0.9971609371322698
1.3253253253253252,1.0,0.99999944069651,0.9971791149987622
1.3273273273273274,1.0,0.999999449129654,0.9971971606035575
1.3293293293293293,1.0,0.9999994574279302,0.9972150750280393
1.3313313313313313,1.0,0.9999994655936204,0.9972328593437545
1.3333333333333333,1.0,0.9999994736289659,0.997250514612511
1.3353353353353352,1.0,0.9999994815361677,0.9972680418864761
1.3373373373373374,1.0,0.9999994893173877,0.9972854422082723
1.3393393393393394,1.0,0.9999994969747493,0.9973027166110735
1.3413413413413413,1.0,0.9999995045103383,0.9973198661186988
1.3433433433433433,1.0,0.9999995119262031,0.9973368917457067
1.3453453453453452,1.0,0.9999995192243559,0.9973537944974864
1.3473473473473474,1.0,0.9999995264067734,0.9973705753703501
1.3493493493493494,1.0,0.9999995334753969,0.9973872353516231
1.3513513513513513,1.0,0.9999995404321338,0.9974037754197329
1.3533533533533533,1.0,0.9999995472788571,0.997420196544298
1.3553553553553555,1.0,0.9999995540174075,0.9974364996862153
1.3573573573573574,1.0,0.9999995606495924,0.9974526857977462
1.3593593593593594,1.0,0.9999995671771881,0.9974687558226029
1.3613613613613613,1.0,0.999999573601939,0.9974847106960323
1.3633633633633633,1.0,0.9999995799255591,0.9975005513449003
1.3653653653653655,1.0,0.9999995861497322,0.9975162786877744
1.3673673673673674,1.0,0.9999995922761126,0.9975318936350052
1.3693693693693694,1.0,0.9999995983063252,0.9975473970888085
1.3713713713713713,1.0,0.9999996042419669,0.9975627899433441
1.3733733733733733,1.0,0.9999996100846064,0.9975780730847964
1.3753753753753755,1.0,0.9999996158357848,0.997593247391452
1.3773773773773774,1.0,0.9999996214970165,0.9976083137337777
1.3793793793793794,1.0,0.9999996270697893,0.9976232729744967
1.3813813813813813,1.0,0.999999632555565,0.9976381259686655
1.3833833833833833,1.0,0.9999996379557802,0.9976528735637483
1.3853853853853855,1.0,0.9999996432718461,0.9976675165996916
1.3873873873873874,1.0,0.9999996485051494,0.9976820559089974
1.3893893893893894,1.0,0.999999653657053,0.9976964923167965
1.3913913913913913,1.0,0.9999996587288957,0.9977108266409199
1.3933933933933933,1.0,0.9999996637219934,0.9977250596919705
1.3953953953953955,1.0,0.999999668637639,0.9977391922733931
1.3973973973973974,1.0,0.9999996734771032,0.9977532251815444
1.3993993993993994,1.0,0.9999996782416343,0.9977671592057618
1.4014014014014013,1.0,0.9999996829324593,0.9977809951284313
1.4034034034034033,1.0,0.9999996875507843,0.9977947337250559
1.4054054054054055,1.0,0.9999996920977939,0.9978083757643214
1.4074074074074074,1.0,0.9999996965746529,0.9978219220081628
1.4094094094094094,1.0,0.9999997009825057,0.9978353732118298
1.4114114114114114,1.0,0.999999705322477,0.9978487301239513
1.4134134134134133,1.0,0.9999997095956722,0.9978619934865994
1.4154154154154155,1.0,0.9999997138031779,0.9978751640353531
1.4174174174174174,1.0,0.9999997179460618,0.99788824249936
1.4194194194194194,1.0,0.9999997220253733,0.9979012296013993
1.4214214214214214,1.0,0.9999997260421442,0.9979141260579424
1.4234234234234233,1.0,0.9999997299973881,0.997926932579214
1.4254254254254255,1.0,0.9999997338921014,0.997939649869252
1.4274274274274275,1.0,0.9999997377272639,0.9979522786259669
1.4294294294294294,1.0,0.9999997415038382,0.9979648195412004
1.4314314314314314,1.0,0.9999997452227707,0.9979772733007839
1.4334334334334333,1.0,0.9999997488849915,0.997989640584596
1.4354354354354355,1.0,0.9999997524914152,0.9980019220666191
1.4374374374374375,1.0,0.9999997560429403,0.9980141184149963
1.4394394394394394,1.0,0.9999997595404507,0.9980262302920866
1.4414414414414414,1.0,0.9999997629848149,0.9980382583545204
1.4434434434434433,1.0,0.9999997663768866,0.9980502032532544
1.4454454454454455,1.0,0.9999997697175053,0.9980620656336251
1.4474474474474475,1.0,0.999999773007496,0.9980738461354022
1.4494494494494494,1.0,0.9999997762476699,0.9980855453928422
1.4514514514514514,1.0,0.9999997794388247,0.9980971640347404
1.4534534534534533,1.0,0.9999997825817442,0.9981087026844824
1.4554554554554555,1.0,0.9999997856771992,0.998120161960096
1.4574574574574575,1.0,0.9999997887259476,0.9981315424743014
1.4594594594594594,1.0,0.9999997917287344,0.9981428448345618
1.4614614614614614,1.0,0.9999997946862921,0.9981540696431332
1.4634634634634633,1.0,0.999999797599341,0.998165217497113
1.4654654654654655,1.0,0.9999998004685889,0.9981762889884893
1.4674674674674675,1.0,0.9999998032947324,0.9981872847041888
1.4694694694694694,1.0,0.9999998060784557,0.9981982052261246
1.4714714714714714,1.0,0.9999998088204322,0.9982090511312434
1.4734734734734736,1.0,0.9999998115213234,0.998219822991572
1.4754754754754755,1.0,0.9999998141817803,0.9982305213742636
1.4774774774774775,1.0,0.9999998168024427,0.9982411468416441
1.4794794794794794,1.0,0.9999998193839398,0.9982516999512566
1.4814814814814814,1.0,0.9999998219268902,0.9982621812559064
1.4834834834834836,1.0,0.9999998244319024,0.9982725913037059
1.4854854854854855,1.0,0.9999998268995747,0.9982829306381178
1.4874874874874875,1.0,0.9999998293304954,0.998293199797999
1.4894894894894894,1.0,0.999999831725243,0.9983033993176436
1.4914914914914914,1.0,0.9999998340843865,0.9983135297268251
1.4934934934934936,1.0,0.9999998364084854,0.9983235915508389
1.4954954954954955,1.0,0.99999983869809,0.9983335853105443
1.4974974974974975,1.0,0.9999998409537413,0.9983435115224047
1.4994994994994995,1.0,0.9999998431759715,0.9983533706985298
1.5015015015015014,1.0,0.9999998453653041,0.998363163346715
1.5035035035035036,1.0,0.9999998475222537,0.9983728899704821
1.5055055055055055,1.0,0.9999998496473266,0.9983825510691186
1.5075075075075075,1.0,0.9999998517410206,0.9983921471377168
1.5095095095095095,1.0,0.9999998538038256,0.9984016786672133
1.5115115115115114,1.0,0.9999998558362231,0.9984111461444266
1.5135135135135136,1.0,0.9999998578386868,0.9984205500520958
1.5155155155155156,1.0,0.9999998598116827,0.9984298908689179
1.5175175175175175,1.0,0.9999998617556691,0.998439169069585
1.5195195195195195,1.0,0.9999998636710967,0.9984483851248217
1.5215215215215214,1.0,0.999999865558409,0.9984575395014214
1.5235235235235236,1.0,0.999999867418042,0.998466632662282
1.5255255255255256,1.0,0.9999998692504249,0.9984756650664424
1.5275275275275275,1.0,0.9999998710559795,0.9984846371691178
1.5295295295295295,1.0,0.9999998728351209,0.9984935494217344
1.5315315315315314,1.0,0.9999998745882576,0.9985024022719644
1.5335335335335336,1.0,0.999999876315791,0.9985111961637606
1.5355355355355356,1.0,0.9999998780181165,0.9985199315373902
1.5375375375375375,1.0,0.9999998796956227,0.998528608829468
1.5395395395395395,1.0,0.9999998813486919,0.9985372284729912
1.5415415415415414,1.0,0.9999998829777003,0.9985457908973708
1.5435435435435436,1.0,0.999999884583018,0.9985542965284654
1.5455455455455456,1.0,0.9999998861650091,0.9985627457886131
1.5475475475475475,1.0,0.9999998877240318,0.9985711390966637
1.5495495495495495,1.0,0.9999998892604384,0.9985794768680105
1.5515515515515514,1.0,0.9999998907745754,0.9985877595146215
1.5535535535535536,1.0,0.9999998922667842,0.9985959874450707
1.5555555555555556,1.0,0.9999998937374001,0.9986041610645688
1.5575575575575575,1.0,0.9999998951867534,0.9986122807749939
1.5595595595595595,1.0,0.9999998966151687,0.9986203469749212
1.5615615615615615,1.0,0.999999898022966,0.9986283600596535
1.5635635635635636,1.0,0.9999998994104594,0.9986363204212505
1.5655655655655656,1.0,0.9999999007779584,0.998644228448558
1.5675675675675675,1.0,0.9999999021257675,0.9986520845272372
1.5695695695695695,1.0,0.9999999034541861,0.998659889039793
1.5715715715715715,1.0,0.999999904763509,0.998667642365603
1.5735735735735736,1.0,0.9999999060540262,0.9986753448809451
1.5755755755755756,1.0,0.9999999073260232,0.998682996959026
1.5775775775775776,1.0,0.9999999085797806,0.9986905989700081
1.5795795795795795,1.0,0.9999999098155749,0.9986981512810374
1.5815815815815815,1.0,0.9999999110336778,0.9987056542562707
1.5835835835835836,1.0,0.999999912234357,0.9987131082569014
1.5855855855855856,1.0,0.9999999134178759,0.9987205136411873
1.5875875875875876,1.0,0.9999999145844934,0.9987278707644762
1.5895895895895895,1.0,0.9999999157344647,0.9987351799792321
1.5915915915915915,1.0,0.9999999168680405,0.9987424416350605
1.5935935935935936,1.0,0.9999999179854678,0.9987496560787351
1.5955955955955956,1.0,0.9999999190869897,0.9987568236542218
1.5975975975975976,1.0,0.9999999201728454,0.9987639447027042
1.5995995995995995,1.0,0.9999999212432702,0.9987710195626087
1.6016016016016015,1.0,0.9999999222984958,0.9987780485696288
1.6036036036036037,1.0,0.99999992333875,0.9987850320567491
1.6056056056056056,1.0,0.9999999243642574,0.9987919703542698
1.6076076076076076,1.0,0.9999999253752387,0.9987988637898304
1.6096096096096095,1.0,0.9999999263719115,0.9988057126884331
1.6116116116116117,1.0,0.9999999273544893,0.9988125173724667
1.6136136136136137,1.0,0.999999928323183,0.9988192781617289
1.6156156156156156,1.0,0.9999999292781997,0.9988259953734501
1.6176176176176176,1.0,0.9999999302197433,0.9988326693223155
1.6196196196196195,1.0,0.9999999311480148,0.9988393003204878
1.6216216216216217,1.0,0.9999999320632116,0.9988458886776298
1.6236236236236237,1.0,0.9999999329655282,0.9988524347009256
1.6256256256256256,1.0,0.9999999338551563,0.998858938695103
1.6276276276276276,1.0,0.9999999347322841,0.9988654009624554
1.6296296296296295,1.0,0.9999999355970973,0.9988718218028627
1.6316316316316317,1.0,0.9999999364497785,0.9988782015138126
1.6336336336336337,1.0,0.9999999372905074,0.9988845403904218
1.6356356356356356,1.0,0.9999999381194609,0.9988908387254567
1.6376376376376376,1.0,0.9999999389368133,0.9988970968093539
1.6396396396396395,1.0,0.999999939742736,0.998903314930241
1.6416416416416417,1.0,0.9999999405373979,0.9989094933739562
1.6436436436436437,1.0,0.9999999413209651,0.9989156324240688
1.6456456456456456,1.0,0.9999999420936012,0.998921732361899
1.6476476476476476,1.0,0.9999999428554673,0.9989277934665372
1.6496496496496496,1.0,0.999999943606722,0.9989338160148638
1.6516516516516517,1.0,0.9999999443475212,0.9989398002815684
1.6536536536536537,1.0,0.9999999450780187,0.9989457465391686
1.6556556556556556,1.0,0.9999999457983658,0.9989516550580294
1.6576576576576576,1.0,0.9999999465087115,0.9989575261063814
1.6596596596596596,1.0,0.9999999472092023,0.99896335995034
1.6616616616616617,1.0,0.9999999478999827,0.9989691568539228
1.6636636636636637,1.0,0.9999999485811948,0.9989749170790687
1.6656656656656657,1.0,0.9999999492529786,0.9989806408856556
1.6676676676676676,1.0,0.9999999499154719,0.998986328531518
1.6696696696696696,1.0,0.9999999505688103,0.998991980272465
1.6716716716716717,1.0,0.9999999512131276,0.998997596362298
1.6736736736736737,1.0,0.9999999518485551,0.9990031770528273
1.6756756756756757,1.0,0.9999999524752224,0.99900872259389
1.6776776776776776,1.0,0.9999999530932571,0.9990142332333667
1.6796796796796796,1.0,0.9999999537027847,0.9990197092171986
1.6816816816816818,1.0,0.999999954303929,0.9990251507894039
1.6836836836836837,1.0,0.9999999548968115,0.9990305581920945
1.6856856856856857,1.0,0.9999999554815522,0.9990359316654924
1.6876876876876876,1.0,0.9999999560582692,0.9990412714479459
1.6896896896896896,1.0,0.9999999566270787,0.9990465777759455
1.6916916916916918,1.0,0.9999999571880954,0.9990518508841406
1.6936936936936937,1.0,0.9999999577414317,0.9990570910053541
1.6956956956956957,1.0,0.9999999582871989,0.9990622983705989
1.6976976976976976,1.0,0.9999999588255061,0.9990674732090933
1.6996996996996996,1.0,0.9999999593564611,0.9990726157482758
1.7017017017017018,1.0,0.9999999598801699,0.9990777262138211
1.7037037037037037,1.0,0.9999999603967369,0.9990828048296544
1.7057057057057057,1.0,0.9999999609062649,0.999087851817967
1.7077077077077076,1.0,0.9999999614088552,0.9990928673992304
1.7097097097097096,1.0,0.9999999619046076,0.9990978517922117
1.7117117117117118,1.0,0.9999999623936202,0.9991028052139871
1.7137137137137137,1.0,0.9999999628759898,0.9991077278799575
1.7157157157157157,1.0,0.9999999633518117,0.9991126200038618
1.7177177177177176,1.0,0.9999999638211798,0.9991174817977913
1.7197197197197196,1.0,0.9999999642841864,0.9991223134722036
1.7217217217217218,1.0,0.9999999647409225,0.9991271152359369
1.7237237237237237,1.0,0.9999999651914778,0.9991318872962229
1.7257257257257257,1.0,0.9999999656359407,0.9991366298587012
1.7277277277277276,1.0,0.999999966074398,0.9991413431274321
1.7297297297297298,1.0,0.9999999665069356,0.9991460273049105
1.7317317317317318,1.0,0.9999999669336376,0.9991506825920787
1.7337337337337337,1.0,0.9999999673545873,0.9991553091883398
1.7357357357357357,1.0,0.9999999677698665,0.9991599072915703
1.7377377377377377,1.0,0.9999999681795558,0.9991644770981335
1.7397397397397398,1.0,0.9999999685837347,0.9991690188028916
1.7417417417417418,1.0,0.9999999689824816,0.9991735325992187
1.7437437437437437,1.0,0.9999999693758732,0.9991780186790136
1.7457457457457457,1.0,0.9999999697639856,0.9991824772327115
1.7477477477477477,1.0,0.9999999701468937,0.9991869084492966
1.7497497497497498,1.0,0.999999970524671,0.9991913125163143
1.7517517517517518,1.0,0.9999999708973902,0.9991956896198835
1.7537537537537538,1.0,0.9999999712651227,0.9992000399447079
1.7557557557557557,1.0,0.999999971627939,0.9992043636740884
1.7577577577577577,1.0,0.9999999719859084,0.9992086609899345
1.7597597597597598,1.0,0.9999999723390992,0.9992129320727762
1.7617617617617618,1.0,0.9999999726875789,0.9992171771017753
1.7637637637637638,1.0,0.9999999730314137,0.9992213962547367
1.7657657657657657,1.0,0.999999973370669,0.99922558970812
1.7677677677677677,1.0,0.9999999737054092,0.9992297576370506
1.7697697697697699,1.0,0.9999999740356976,0.9992339002153308
1.7717717717717718,1.0,0.9999999743615969,0.9992380176154503
1.7737737737737738,1.0,0.9999999746831686,0.9992421100085982
1.7757757757757757,1.0,0.9999999750004732,0.9992461775646728
1.7777777777777777,1.0,0.9999999753135705,0.9992502204522926
1.7797797797797799,1.0,0.9999999756225196,0.9992542388388072
1.7817817817817818,1.0,0.9999999759273783,0.9992582328903071
1.7837837837837838,1.0,0.9999999762282039,0.9992622027716352
1.7857857857857857,1.0,0.9999999765250526,0.9992661486463961
1.7877877877877877,1.0,0.9999999768179798,0.9992700706769666
1.7897897897897899,1.0,0.9999999771070404,0.9992739690245063
1.7917917917917918,1.0,0.9999999773922881,0.999277843848967
1.7937937937937938,1.0,0.999999977673776,0.999281695309103
1.7957957957957957,1.0,0.9999999779515566,0.9992855235624812
1.7977977977977977,1.0,0.9999999782256812,0.9992893287654901
1.7997997997997999,1.0,0.9999999784962006,0.9992931110733504
1.8018018018018018,1.0,0.9999999787631649,0.9992968706401237
1.8038038038038038,1.0,0.9999999790266234,0.9993006076187229
1.8058058058058057,1.0,0.9999999792866248,0.9993043221609208
1.8078078078078077,1.0,0.9999999795432167,0.9993080144173602
1.8098098098098099,1.0,0.9999999797964466,0.9993116845375626
1.8118118118118118,1.0,0.9999999800463607,0.9993153326699377
1.8138138138138138,1.0,0.999999980293005,0.999318958961792
1.8158158158158157,1.0,0.9999999805364246,0.9993225635593388
1.8178178178178177,1.0,0.999999980776664,0.9993261466077059
1.8198198198198199,1.0,0.999999981013767,0.9993297082509455
1.8218218218218218,1.0,0.9999999812477769,0.9993332486320422
1.8238238238238238,1.0,0.9999999814787361,0.9993367678929223
1.8258258258258258,1.0,0.9999999817066868,0.9993402661744619
1.8278278278278277,1.0,0.9999999819316702,0.9993437436164959
1.82982982982983,1.0,0.9999999821537271,0.9993472003578263
1.8318318318318318,1.0,0.9999999823728977,0.9993506365362302
1.8338338338338338,1.0,0.9999999825892214,0.999354052288469
1.8358358358358358,1.0,0.9999999828027375,0.9993574477502954
1.8378378378378377,1.0,0.9999999830134844,0.999360823056463
1.83983983983984,1.0,0.9999999832214999,0.9993641783407332
1.8418418418418419,1.0,0.9999999834268213,0.9993675137358837
1.8438438438438438,1.0,0.9999999836294855,0.9993708293737169
1.8458458458458458,1.0,0.9999999838295287,0.9993741253850666
1.8478478478478477,1.0,0.9999999840269869,0.9993774018998073
1.84984984984985,1.0,0.9999999842218951,0.9993806590468607
1.8518518518518519,1.0,0.9999999844142882,0.999383896954204
1.8538538538538538,1.0,0.9999999846042003,0.9993871157488775
1.8558558558558558,1.0,0.9999999847916653,0.9993903155569919
1.8578578578578577,1.0,0.9999999849767164,0.9993934965037359
1.85985985985986,1.0,0.9999999851593864,0.9993966587133837
1.8618618618618619,1.0,0.9999999853397075,0.9993998023093021
1.8638638638638638,1.0,0.9999999855177119,0.9994029274139581
1.8658658658658658,1.0,0.9999999856934306,0.9994060341489259
1.867867867867868,1.0,0.9999999858668949,0.9994091226348942
1.86986986986987,1.0,0.999999986038135,0.9994121929916729
1.8718718718718719,1.0,0.9999999862071813,0.9994152453382009
1.8738738738738738,1.0,0.9999999863740633,0.9994182797925522
1.8758758758758758,1.0,0.9999999865388103,0.9994212964719432
1.877877877877878,1.0,0.999999986701451,0.99942429549274
1.87987987987988,1.0,0.9999999868620137,0.9994272769704644
1.8818818818818819,1.0,0.9999999870205268,0.9994302410198009
1.8838838838838838,1.0,0.9999999871770177,0.9994331877546037
1.8858858858858858,1.0,0.9999999873315135,0.9994361172879028
1.887887887887888,1.0,0.9999999874840412,0.9994390297319111
1.88988988988989,1.0,0.9999999876346272,0.9994419251980303
1.8918918918918919,1.0,0.9999999877832975,0.999444803796858
1.8938938938938938,1.0,0.9999999879300778,0.9994476656381932
1.8958958958958958,1.0,0.9999999880749936,0.9994505108310439
1.897897897897898,1.0,0.9999999882180698,0.9994533394836318
1.8998998998999,1.0,0.9999999883593309,0.9994561517034002
1.901901901901902,1.0,0.9999999884988015,0.9994589475970186
1.9039039039039038,1.0,0.9999999886365053,0.9994617272703901
1.9059059059059058,1.0,0.999999988772466,0.9994644908286565
1.907907907907908,1.0,0.9999999889067067,0.9994672383762049
1.90990990990991,1.0,0.9999999890392507,0.9994699700166736
1.911911911911912,1.0,0.9999999891701202,0.9994726858529575
1.9139139139139139,1.0,0.999999989299338,0.9994753859872146
1.9159159159159158,1.0,0.9999999894269256,0.9994780705208716
1.917917917917918,1.0,0.999999989552905,0.9994807395546293
1.91991991991992,1.0,0.9999999896772975,0.9994833931884689
1.921921921921922,1.0,0.9999999898001242,0.999486031521657
1.9239239239239239,1.0,0.9999999899214059,0.9994886546527522
1.9259259259259258,1.0,0.999999990041163,0.999491262679609
1.927927927927928,1.0,0.9999999901594159,0.9994938556993853
1.92992992992993,1.0,0.9999999902761842,0.9994964338085465
1.931931931931932,1.0,0.999999990391488,0.999498997102871
1.9339339339339339,1.0,0.9999999905053463,0.9995015456774565
1.9359359359359358,1.0,0.9999999906177784,0.9995040796267244
1.937937937937938,1.0,0.9999999907288031,0.9995065990444252
1.93993993993994,1.0,0.999999990838439,0.9995091040236442
1.941941941941942,1.0,0.9999999909467044,0.9995115946568064
1.9439439439439439,1.0,0.9999999910536174,0.9995140710356816
1.9459459459459458,1.0,0.9999999911591958,0.9995165332513894
1.947947947947948,1.0,0.9999999912634571,0.9995189813944049
1.94994994994995,1.0,0.9999999913664187,0.9995214155545626
1.951951951951952,1.0,0.9999999914680977,0.9995238358210625
1.9539539539539539,1.0,0.9999999915685109,0.9995262422824746
1.9559559559559558,1.0,0.999999991667675,0.999528635026743
1.957957957957958,1.0,0.9999999917656063,0.9995310141411925
1.95995995995996,1.0,0.999999991862321,0.9995333797125318
1.961961961961962,1.0,0.9999999919578351,0.9995357318268588
1.9639639639639639,1.0,0.9999999920521642,0.9995380705696658
1.9659659659659658,1.0,0.9999999921453239,0.9995403960258433
1.967967967967968,1.0,0.9999999922373294,0.9995427082796856
1.96996996996997,1.0,0.9999999923281958,0.9995450074148945
1.971971971971972,1.0,0.999999992417938,0.9995472935145845
1.973973973973974,1.0,0.9999999925065707,0.9995495666612872
1.9759759759759759,1.0,0.9999999925941083,0.9995518269369557
1.977977977977978,1.0,0.9999999926805652,0.9995540744229687
1.97997997997998,1.0,0.9999999927659553,0.9995563092001358
1.981981981981982,1.0,0.9999999928502926,0.9995585313487013
1.983983983983984,1.0,0.9999999929335908,0.9995607409483483
1.985985985985986,1.0,0.9999999930158632,0.9995629380782036
1.987987987987988,1.0,0.9999999930971233,0.9995651228168415
1.98998998998999,1.0,0.9999999931773842,0.9995672952422885
1.991991991991992,1.0,0.9999999932566589,0.999569455432027
1.993993993993994,1.0,0.99999999333496,0.9995716034629997
1.995995995995996,1.0,0.9999999934123004,0.9995737394116138
1.997997997997998,1.0,0.9999999934886923,0.999575863353745
2.0,1.0,0.999999993564148,0.9995779753647418
